,o,h,l,c,stateFeature_0,stateFeature_1,stateFeature_2,stateFeature_3,stateFeature_4,stateFeature_5,reward,simNum,barNum,nTrades,tradeOpen,accountValue,allPL,stopConditions,positionStatus,entryPrice,exitPrice,action
0,0.9979269617386409,1.0020932976737367,0.9979269617386409,1.0004159784729842,0.0055906470661351015,0.003759998767267847,0.006619442822726196,0.0034570014354696754,0.0,0.0,0.0,2.0,0.0,0.0,,10000.0,0.0,0.0,0.0,,,0.0
1,1.0016342710225348,1.0040087628714987,0.9996237562778246,1.0040087628714987,0.006949639189585466,0.0055906470661351015,0.0095016773131541,0.006619442822726196,0.0,0.0,-0.0,2.0,1.0,0.0,,10000.0,0.0,0.0,0.0,,,2.0
2,1.001252858534345,1.0069006775107585,1.001252858534345,1.0069006775107585,0.007253070700212638,0.006949639189585466,0.011325068384282488,0.0095016773131541,0.5,-0.00029919146392598625,-0.2,2.0,2.0,1.0,True,9997.00808536074,-2.991914639260358,0.0,0.5,1.0040087628714987,,1.0
3,1.0071517163665433,1.0085191725755263,1.005518332572285,1.0071718390515871,0.005388016088873737,0.007253070700212638,0.010398329563398812,0.011325068384282488,0.0,0.0,-0.200299191463926,2.0,3.0,1.0,False,9997.00808536074,-2.991914639260358,0.0,0.0,,1.0069006775107585,2.0
4,1.0077757754980874,1.0093055715072252,1.0077757754980874,1.0093055715072252,0.005163258322571362,0.005388016088873737,0.011119569220638392,0.010398329563398812,0.5,-0.00022344009693350952,-0.2,2.0,4.0,2.0,True,9994.774352905102,-5.225647094897795,0.0,0.5,1.0071718390515871,,0.0
5,1.0068628826205355,1.009964810227809,1.0068628826205355,1.0085430939517093,0.0024854400574154667,0.005163258322571362,0.008868741541261604,0.011119569220638392,0.5,-0.00014716952187690885,-0.2,2.0,5.0,2.0,True,9995.536830460618,-4.463169539381852,0.0,0.5,,,1.0
6,1.0110978038503549,1.0110978038503549,1.0098566677376282,1.0098681457549836,0.002235130647023409,0.0024854400574154667,0.008638972497578834,0.008868741541261604,0.0,0.0,-0.20014716952187692,2.0,6.0,2.0,False,9995.536830460618,-4.463169539381852,0.0,0.0,,1.0085430939517093,2.0
7,1.009516711387069,1.0110270588247734,1.0087033644713572,1.0087033644713572,0.00028791576342057645,0.002235130647023409,0.005966078276432141,0.008638972497578834,0.5,0.00010652567257634085,0.2,2.0,7.0,3.0,True,9996.601611744245,-3.3983882557549805,0.0,0.5,1.0098681457549836,,2.0
8,1.0085487702577267,1.0101153901892739,1.007336793836989,1.0090775375366687,0.0002992788244138289,0.00028791576342057645,0.0048646047752680666,0.005966078276432141,0.5,6.909165861010262e-05,0.2,2.0,8.0,3.0,True,9996.227438678932,-3.7725613210677693,0.0,0.5,,,0.0
9,1.0083615665987182,1.0085415517317375,1.0068062031850584,1.0068062031850584,-0.0019111162161085105,0.0002992788244138289,0.0015556320031180348,0.0048646047752680666,0.5,0.0002963265125389677,0.2,2.0,9.0,3.0,True,9998.498773030544,-1.5012269694561837,0.0,0.5,,,1.0
10,1.0077234559019286,1.0077234559019286,1.0044722386653522,1.0044722386653522,-0.003439525262169285,-0.0019111162161085105,-0.001554799890735703,0.0015556320031180348,0.0,0.0,0.20029632651253898,2.0,10.0,3.0,False,9998.498773030544,-1.5012269694561837,0.0,0.0,,1.0068062031850584,1.0
11,1.0062171464020153,1.0062171464020153,1.0029440203802438,1.0029440203802438,-0.004034564618700109,-0.003439525262169285,-0.0035740990663752914,-0.001554799890735703,1.0,-0.00016284627543289624,-0.2,2.0,11.0,4.0,True,9996.870554745436,-3.1294452545644162,0.0,1.0,1.0044722386653522,,1.0
12,1.001772277039937,1.0026382036218304,1.0006875185282933,1.0020092428416143,-0.0036595250051014716,-0.004034564618700109,-0.004641648635723916,-0.0035740990663752914,1.0,-0.00025633806453536576,-0.2,2.0,12.0,4.0,True,9995.935777206805,-4.064222793194858,0.0,1.0,,,2.0
13,1.0007388770922954,1.0009137804840238,0.9974068722632905,0.9974068722632905,-0.006379146882080855,-0.0036595250051014716,-0.008693861663363833,-0.004641648635723916,0.0,0.0,-0.20025633806453538,2.0,13.0,4.0,False,9995.935777206805,-4.064222793194858,0.0,0.0,,1.0020092428416143,1.0
14,0.9970964788575539,0.9974977533076966,0.9950283734132498,0.9964337270471704,-0.005244990349951184,-0.006379146882080855,-0.008794761007518304,-0.008693861663363833,1.0,-0.00010735815435781066,-0.2,2.0,14.0,5.0,True,9994.862631990685,-5.137368009314741,0.0,1.0,0.9974068722632905,,0.0
15,0.9966986720155334,0.9966986720155334,0.9919667678712505,0.9919667678712505,-0.007238710306903262,-0.005244990349951184,-0.01199463091841002,-0.008794761007518304,1.0,-0.0005542356929376051,-0.2,2.0,15.0,5.0,True,9990.395672814766,-9.60432718523407,0.0,1.0,,,1.0
16,0.9926573044883362,0.9928898670274638,0.9915658041923306,0.9928338286337429,-0.004431914539142601,-0.007238710306903262,-0.009754924916460683,-0.01199463091841002,1.0,-0.0004674943630793697,-0.2,2.0,16.0,5.0,True,9991.262733577258,-8.737266422742323,0.0,1.0,,,0.0
17,0.9918939612035637,0.9919476946865936,0.9902028072566181,0.9902696053144272,-0.004883735347488982,-0.004431914539142601,-0.010796357516002941,-0.009754924916460683,1.0,-0.0007240209531323768,-0.2,2.0,17.0,5.0,True,9988.698510257942,-11.301489742058038,0.0,1.0,,,0.0
18,0.9910921243061644,0.9915352401828471,0.9886469175251361,0.9914858792759914,-0.0019135674583209417,-0.004883735347488982,-0.008048228014522651,-0.010796357516002941,1.0,-0.0006023441047939139,-0.2,2.0,18.0,5.0,True,9989.914784219505,-10.085215780494764,0.0,1.0,,,0.0
19,0.9908740250966993,0.9917033205052247,0.9877248486814099,0.9888348689070448,-0.0031359106012266436,-0.0019135674583209417,-0.00904353041977668,-0.008048228014522651,1.0,-0.0008675529284631915,-0.2,2.0,19.0,5.0,True,9987.26377385056,-12.736226149439972,0.0,1.0,,,1.0
20,0.9907505829491803,0.9922123034913817,0.9895465651131423,0.9922123034913817,0.0009450945757417673,-0.0031359106012266436,-0.004260659664999111,-0.00904353041977668,1.0,-0.000529672147752464,-0.2,2.0,20.0,5.0,True,9990.641208434896,-9.358791565104184,0.0,1.0,,,2.0
21,0.9900082789245762,0.9926445024371243,0.9900082789245762,0.9926235680766418,0.0012468924601033438,0.0009450945757417673,-0.002667508820704323,-0.004260659664999111,0.0,0.0,-0.20052967214775247,2.0,21.0,5.0,False,9990.641208434896,-9.358791565104184,0.0,0.0,,0.9922123034913817,1.0
22,0.9918485330935284,0.993513761343726,0.9918485330935284,0.993513761343726,0.002023763608857143,0.0012468924601033438,-0.0008641091101511122,-0.002667508820704323,1.0,7.909334852473118e-05,0.2,2.0,22.0,6.0,True,9991.43140170198,-8.568598298019424,0.0,1.0,0.9926235680766418,,0.0
23,0.9954698365552116,0.9954698365552116,0.993627922168076,0.9954484922098837,0.0030953466591054912,0.002023763608857143,0.001695249103536689,-0.0008641091101511122,1.0,0.0002727476721855831,0.2,2.0,23.0,6.0,True,9993.366132568137,-6.633867431863109,0.0,1.0,,,0.0
24,0.9955036679232053,0.9976950093302992,0.9955036679232053,0.9976810883049204,0.004295407915987259,0.0030953466591054912,0.0042885247432977724,0.001695249103536689,1.0,0.0004962164214338037,0.2,2.0,24.0,6.0,True,9995.598728663175,-4.4012713368247205,0.0,1.0,,,1.0
25,0.9986433828861401,1.0007693784993004,0.9986433828861401,1.0007693784993004,0.00539461317832457,0.004295407915987259,0.007096606084676993,0.0042885247432977724,1.0,0.0008053347382614133,0.2,2.0,25.0,6.0,True,9998.687018857554,-1.3129811424460058,0.0,1.0,,,2.0
26,1.0007713756493564,1.004589362482157,1.0007713756493564,1.0037208833053182,0.0064280213486863635,0.00539461317832457,0.009440847869182534,0.007096606084676993,0.0,0.0,0.20080533473826143,2.0,26.0,6.0,False,9998.687018857554,-1.3129811424460058,0.0,0.0,,1.0007693784993004,1.0
27,1.0048118591546393,1.0069995678912258,1.0016096810489274,1.0069995678912258,0.0073107059654965445,0.0064280213486863635,0.011466799120092186,0.009440847869182534,1.0,0.0003179101996004699,0.2,2.0,27.0,7.0,True,10001.865703443462,1.8657034434618254,0.0,1.0,1.0037208833053182,,1.0
28,1.0055810355112327,1.007219249467927,1.0055810355112327,1.0063988970532567,0.0045625125092723096,0.0073107059654965445,0.009735705913830217,0.011466799120092186,1.0,0.00025783522807308417,0.2,2.0,28.0,7.0,True,10001.265032605492,1.2650326054917969,0.0,1.0,,,1.0
29,1.0060868490346375,1.0085239621699298,1.0060868490346375,1.0079991134104835,0.0040709586663993935,0.0045625125092723096,0.009858463263052286,0.009735705913830217,1.0,0.00041787787709378403,0.2,2.0,29.0,7.0,True,10002.86524896272,2.865248962720216,0.0,1.0,,,0.0
30,1.0096712773399255,1.0103484642467837,1.0081764509197189,1.0081764509197189,0.002499069073168325,0.0040709586663993935,0.008644919801977013,0.009858463263052286,1.0,0.0004356139567311265,0.2,2.0,30.0,7.0,True,10003.042586471955,3.0425864719545643,0.0,1.0,,,1.0
31,1.0106766820526478,1.0113036423831627,1.0096908198600976,1.0096908198600976,0.0025265311200808327,0.002499069073168325,0.008421292829601468,0.008644919801977013,1.0,0.0005870707367586044,0.2,2.0,31.0,7.0,True,10004.556955412334,4.556955412333991,0.0,1.0,,,1.0
32,1.009833772815805,1.0106629554465718,1.0096747826589696,1.0098523198559441,0.0016661250241565284,0.0025265311200808327,0.00711279146173438,0.008421292829601468,1.0,0.0006032228570862026,0.2,2.0,32.0,7.0,True,10004.71845540818,4.7184554081795795,0.0,1.0,,,2.0
33,1.009985493896361,1.009985493896361,1.0081740465169058,1.0081740465169058,-0.00020789475249527456,0.0016661250241565284,0.004138644919340573,0.00711279146173438,0.0,0.0,0.2006032228570862,2.0,33.0,7.0,False,10004.71845540818,4.7184554081795795,0.0,0.0,,1.0098523198559441,0.0
34,1.0087214039367485,1.0087214039367485,1.006576137996999,1.006576137996999,-0.001835343429692493,-0.00020789475249527456,0.0014522050116612117,0.004138644919340573,0.0,0.0,-0.0,2.0,34.0,7.0,False,10004.71845540818,4.7184554081795795,0.0,0.0,,,1.0
35,1.006797294399586,1.0075289943525005,1.0039362921451207,1.0039362921451207,-0.0037980524040104324,-0.001835343429692493,-0.001894957501487049,0.0014522050116612117,1.0,-0.00027385536775373386,-0.2,2.0,35.0,8.0,True,10001.978609556301,1.9786095563013077,0.0,1.0,1.006576137996999,,2.0
36,1.004969761942207,1.0056674204312657,1.0044586477742503,1.0045614697356724,-0.0025703779494510304,-0.0037980524040104324,-0.0018431450301645835,-0.001894957501487049,0.0,0.0,-0.20027385536775374,2.0,36.0,8.0,False,10001.978609556301,1.9786095563013077,0.0,0.0,,1.0039362921451207,0.0
37,1.0020924851669648,1.003779327254268,1.0002400494176393,1.0008320607251082,-0.004823327104183761,-0.0025703779494510304,-0.005577777559546249,-0.0018431450301645835,0.0,0.0,-0.0,2.0,37.0,8.0,False,10001.978609556301,1.9786095563013077,0.0,0.0,,,0.0
38,0.9996081859477126,1.0011208199449426,0.9996081859477126,1.0002442366993252,-0.003809803937196987,-0.004823327104183761,-0.005875881034829833,-0.005577777559546249,0.0,0.0,-0.0,2.0,38.0,8.0,False,10001.978609556301,1.9786095563013077,0.0,0.0,,,1.0
39,0.9984206443384319,0.9984206443384319,0.9962596410012964,0.9973768862165167,-0.004877627703274046,-0.003809803937196987,-0.007941341378079114,-0.005875881034829833,1.0,-0.0002966763476151986,-0.2,2.0,39.0,9.0,True,9999.011259073493,-0.9887409265065799,0.0,1.0,1.0002442366993252,,1.0
40,0.9930495827479254,0.9974938422484284,0.9930495827479254,0.9939390395587399,-0.006209291288007512,-0.004877627703274046,-0.010340866577979502,-0.007941341378079114,1.0,-0.0006403930052865257,-0.2,2.0,40.0,9.0,True,9995.573412415715,-4.426587584284789,0.0,1.0,,,1.0
41,0.9923564072087129,0.9940197725186698,0.9913787082124861,0.9913787082124861,-0.006676691978822036,-0.006209291288007512,-0.011516164157733266,-0.010340866577979502,1.0,-0.0008963754909726608,-0.2,2.0,41.0,9.0,True,9993.013081069463,-6.986918930537286,0.0,1.0,,,0.0
42,0.9911501286040653,0.9926409912709131,0.9910373007013576,0.9926409912709131,-0.003427662509601803,-0.006676691978822036,-0.0089592594619059,-0.011516164157733266,1.0,-0.0007701721558424516,-0.2,2.0,42.0,9.0,True,9994.275364127889,-5.724635872111321,0.0,1.0,,,1.0
43,0.9893885247315843,0.9910097393071824,0.9893885247315843,0.9910097393071824,-0.003421860903678242,-0.003427662509601803,-0.009033754712893804,-0.0089592594619059,1.0,-0.0009332650824931988,-0.2,2.0,43.0,9.0,True,9992.644112164158,-7.355887835841713,0.0,1.0,,,2.0
44,0.990902993444022,0.990902993444022,0.9887444743190928,0.9896687059536223,-0.0030003057996211835,-0.003421860903678242,-0.00869282024126039,-0.009033754712893804,0.0,0.0,-0.2009332650824932,2.0,44.0,9.0,False,9992.644112164158,-7.355887835841713,0.0,0.0,,0.9910097393071824,0.0
45,0.9896618566927886,0.9907842976720124,0.9892848662438231,0.9907842976720124,-0.0007859493238138171,-0.0030003057996211835,-0.0061280827857959075,-0.00869282024126039,0.0,0.0,-0.0,2.0,45.0,9.0,False,9992.644112164158,-7.355887835841713,0.0,0.0,,,0.0
46,0.9907177228242816,0.9921611903873515,0.9901032932616358,0.9918610729701354,0.0006371537390766902,-0.0007859493238138171,-0.003825052068767487,-0.0061280827857959075,0.0,0.0,-0.0,2.0,46.0,9.0,False,9992.644112164158,-7.355887835841713,0.0,0.0,,,1.0
47,0.9918526443189348,0.9932712827508129,0.9918526443189348,0.9922648977884865,0.0008932802947609897,0.0006371537390766902,-0.0024486110540301587,-0.003825052068767487,1.0,3.0404847299750905e-05,0.2,2.0,47.0,10.0,True,9992.94793698251,-7.052063017490582,0.0,1.0,0.9918610729701354,,1.0
48,0.9945026201166487,0.9961246380035772,0.9938655637452021,0.9961246380035772,0.004172412721074381,0.0008932802947609897,0.002114198472068507,-0.0024486110540301587,1.0,0.0004166629959705535,0.2,2.0,48.0,10.0,True,9996.8076771976,-3.1923228024006676,0.0,1.0,,,0.0
49,0.9952982392631279,0.9978653882734109,0.9951736855672222,0.9974595124607013,0.004432324985945368,0.004172412721074381,0.0037301186178931856,0.002114198472068507,1.0,0.0005502487058327855,0.2,2.0,49.0,10.0,True,9998.142551654724,-1.8574483452757704,0.0,1.0,,,0.0
50,0.9980343217477061,1.0017089352637392,0.9980343217477061,0.9985647225859011,0.004054865672432073,0.004432324985945368,0.004975288252545118,0.0037301186178931856,1.0,0.000660851076215859,0.2,2.0,50.0,10.0,True,9999.247761779923,-0.7522382200768334,0.0,1.0,,,2.0
51,1.0009718065439561,1.0033271138577715,1.0009118279924856,1.0024306971108006,0.005979773624200102,0.004054865672432073,0.008420111869587577,0.004975288252545118,0.0,0.0,0.20066085107621587,2.0,51.0,10.0,False,9999.247761779923,-0.7522382200768334,0.0,0.0,,0.9985647225859011,1.0
52,1.003445327117294,1.0067113636072407,1.0027930840534343,1.0067113636072407,0.007785391681122578,0.005979773624200102,0.011636418028652562,0.008420111869587577,1.0,0.0004180981005811099,0.2,2.0,52.0,11.0,True,10003.428428276364,3.428428276363775,0.0,1.0,1.0024306971108006,,2.0
53,1.0049177416407695,1.0083817674695739,1.0049177416407695,1.0059735548878137,0.004762806778474404,0.007785391681122578,0.009682372086281643,0.011636418028652562,0.0,0.0,0.20041809810058112,2.0,53.0,11.0,False,10003.428428276364,3.428428276363775,0.0,0.0,,1.0067113636072407,2.0
54,1.0076433330983896,1.0085634919940818,1.0058711842661008,1.0085634919940818,0.005279601552991675,0.004762806778474404,0.01094543413228577,0.009682372086281643,0.5,-0.00026890151966945004,-0.2,2.0,54.0,12.0,True,10000.738491170096,0.7384911700955854,0.0,0.5,1.0059735548878137,,2.0
55,1.0103132374594659,1.0103132374594659,1.007920567164064,1.0082816147539146,0.003194040597289005,0.005279601552991675,0.009224233938224136,0.01094543413228577,0.5,-0.00024072345629965806,-0.2,2.0,55.0,12.0,True,10001.020368410263,1.0203684102634725,0.0,0.5,,,1.0
56,1.0086899162858682,1.0101960625199868,1.0086899162858682,1.0099366915080734,0.0029537891977524655,0.003194040597289005,0.009190311896178693,0.009224233938224136,0.0,0.0,-0.20024072345629967,2.0,56.0,12.0,False,10001.020368410263,1.0203684102634725,0.0,0.0,,1.0082816147539146,1.0
57,1.0107402859956705,1.0127335466314946,1.0099210915333248,1.0099210915333248,0.0016897901525831927,0.0029537891977524655,0.007579979099654022,0.009190311896178693,1.0,-1.1558818049585017e-05,-0.2,2.0,57.0,13.0,True,10000.904768435516,0.904768435515507,0.0,1.0,1.0099366915080734,,1.0
58,1.0101134888330883,1.0118056525341264,1.0090147440071515,1.0090147440071515,0.0003995458930914353,0.0016897901525831927,0.005244158987062653,0.007579979099654022,1.0,-0.00010218432352661428,-0.2,2.0,58.0,13.0,True,9999.998420909342,-0.0015790906581969466,0.0,1.0,,,2.0
59,1.0091189427164344,1.0096716896450013,1.0067726704001343,1.007609942981668,-0.0012779864813676767,0.0003995458930914353,0.0025606041954806535,0.005244158987062653,0.0,0.0,-0.20010218432352664,2.0,59.0,13.0,False,9999.998420909342,-0.0015790906581969466,0.0,0.0,,1.0090147440071515,2.0
60,1.007836358620086,1.0087931038906364,1.0048620327485798,1.0059019919447734,-0.0025423541767111146,-0.0012779864813676767,3.787366348628751e-05,0.0025606041954806535,0.5,0.00016079512908047809,0.2,2.0,60.0,14.0,True,10001.606371946236,1.6063719462363224,0.0,0.5,1.007609942981668,,2.0
61,1.0080685762695016,1.0080685762695016,1.0023619263119896,1.0023619263119896,-0.005095805069173842,-0.0025423541767111146,-0.003910726456904712,3.787366348628751e-05,0.5,0.0005148017482597077,0.2,2.0,61.0,14.0,True,10005.14643757902,5.14643757902013,0.0,0.5,,,2.0
62,1.0040233741196058,1.0040233741196058,1.0013949376656668,1.0016787929230089,-0.004402622027310565,-0.005095805069173842,-0.004853365707311319,-0.003910726456904712,0.5,0.0005831150979450788,0.2,2.0,62.0,14.0,True,10005.829570968,5.829570968000553,0.0,0.5,,,2.0
63,1.0016076309047781,1.0016076309047781,0.9988122415414737,0.9988122415414737,-0.005417698410203897,-0.004402622027310565,-0.007418379124735752,-0.004853365707311319,0.5,0.0008697702813640443,0.2,2.0,63.0,14.0,True,10008.696122349536,8.696122349536381,0.0,0.5,,,0.0
64,0.9982645804534553,0.9982645804534553,0.9961250951073114,0.9961250951073114,-0.0059565700277260936,-0.005417698410203897,-0.00922333651723728,-0.007418379124735752,0.5,0.001138484967212764,0.2,2.0,64.0,14.0,True,10011.383268783698,11.38326878369844,0.0,0.5,,,1.0
65,0.9952560970724623,0.9976472436784442,0.9938389754610483,0.9938389754610483,-0.0059475284205525725,-0.0059565700277260936,-0.010498241211270076,-0.00922333651723728,0.0,0.0,0.2011384849672128,2.0,65.0,14.0,False,10011.383268783698,11.38326878369844,0.0,0.0,,0.9961250951073114,2.0
66,0.9917362230434107,0.9941294525577703,0.9901744213427842,0.9901744213427842,-0.006990820771818562,-0.0059475284205525725,-0.012630372775259358,-0.010498241211270076,0.5,0.0003560501104156724,0.2,2.0,66.0,15.0,True,10014.947822901962,14.947822901962354,0.0,0.5,0.9938389754610483,,2.0
67,0.9913607371491988,0.9919551644911505,0.9911908279513367,0.9919551644911505,-0.0034756173199790297,-0.006990820771818562,-0.009489092104996044,-0.012630372775259358,0.5,0.0001781782718737605,0.2,2.0,67.0,15.0,True,10013.167079753595,13.167079753595317,0.0,0.5,,,2.0
68,0.9921973464516988,0.9921973464516988,0.9892257031116496,0.9904215962406951,-0.0031329861233821976,-0.0034756173199790297,-0.009396402416503302,-0.009489092104996044,0.5,0.0003313607252153635,0.2,2.0,68.0,15.0,True,10014.70064800405,14.70064800405089,0.0,0.5,,,2.0
69,0.9907726694472373,0.9910158127011739,0.9890296549633528,0.9899206004052051,-0.0021520417694940175,-0.0031329861233821976,-0.008230690657983208,-0.009396402416503302,0.5,0.0003814033439064448,0.2,2.0,69.0,15.0,True,10015.201643839542,15.201643839542157,0.0,0.5,,,1.0
70,0.990370324380501,0.9930205434484474,0.988098604241263,0.9914105966385449,0.00012370420864016296,-0.0021520417694940175,-0.005273682143926206,-0.008230690657983208,0.0,0.0,0.20038140334390644,2.0,70.0,15.0,False,10015.201643839542,15.201643839542157,0.0,0.0,,0.9899206004052051,1.0
71,0.9905083977195526,0.992931244929446,0.989393684434158,0.9916304788785669,0.0007116692124090607,0.00012370420864016296,-0.003722177895312484,-0.005273682143926206,1.0,1.19700275925795e-05,0.2,2.0,71.0,16.0,True,10015.321526079564,15.321526079564137,0.0,1.0,0.9914105966385449,,0.0
72,0.9913922456740178,0.9945694858060408,0.9908248211693204,0.9908248211693204,-0.0002023884679267507,0.0007116692124090607,-0.003271404706604697,-0.003722177895312484,1.0,-6.847345601337808e-05,-0.2,2.0,72.0,16.0,True,10014.515868370318,14.515868370317548,0.0,1.0,,,1.0
73,0.9927121929346923,0.9947889504480504,0.9927121929346923,0.9947889504480504,0.0032894431513198485,-0.0002023884679267507,0.001323805894120178,-0.003271404706604697,1.0,0.0003273377737254061,0.2,2.0,73.0,16.0,True,10018.479997649049,18.479997649048528,0.0,1.0,,,1.0
74,0.9947680530540455,0.9986395615990586,0.9947680530540455,0.9986395615990586,0.005770393409267549,0.0032894431513198485,0.005427686322124203,0.001323805894120178,1.0,0.0007118144211204007,0.2,2.0,74.0,16.0,True,10022.330608800055,22.330608800055415,0.0,1.0,,,1.0
75,0.9983269883471411,1.0009919394782905,0.9975375434003937,1.0009919394782905,0.006277548109651865,0.005770393409267549,0.007598422706621366,0.005427686322124203,1.0,0.0009466951517224439,0.2,2.0,75.0,16.0,True,10024.682986679287,24.68298667928684,0.0,1.0,,,0.0
76,1.0002666546894197,1.0029915022107048,0.9995951369823883,1.0021266275651832,0.005626231042104801,0.006277548109651865,0.008232983088691581,0.007598422706621366,1.0,0.0010599917309870985,0.2,2.0,76.0,16.0,True,10025.81767476618,25.817674766180062,0.0,1.0,,,1.0
77,1.002037779525703,1.0045400331867134,1.002037779525703,1.0045400331867134,0.005888044278943849,0.005626231042104801,0.00975463389974962,0.008232983088691581,1.0,0.00130096597268044,0.2,2.0,77.0,16.0,True,10028.23108038771,28.23108038770988,0.0,1.0,,,1.0
78,1.00420846537009,1.0083888856657306,1.003919713942787,1.0083888856657306,0.006809552675226094,0.005888044278943849,0.012085614351854623,0.00975463389974962,1.0,0.0016852670198175886,0.2,2.0,78.0,16.0,True,10032.079932866727,32.07993286672718,0.0,1.0,,,1.0
79,1.0068953074452063,1.00829684946254,1.00472508195768,1.00829684946254,0.004466199969620499,0.006809552675226094,0.010631771067714735,0.012085614351854623,1.0,0.0016760773692779743,0.2,2.0,79.0,16.0,True,10031.987896663537,31.987896663536958,0.0,1.0,,,0.0
80,1.0082831676419681,1.0124832283755205,1.0070616077177896,1.0070616077177896,0.001827283871748575,0.004466199969620499,0.008009861699873277,0.010631771067714735,1.0,0.0015527406868348285,0.2,2.0,80.0,16.0,True,10030.752654918786,30.752654918785993,0.0,1.0,,,1.0
81,1.010691297632366,1.010691297632366,1.0088223297436638,1.0101370857711442,0.003378570876294118,0.001827283871748575,0.009400632639399609,0.008009861699873277,1.0,0.0018598216785836444,0.2,2.0,81.0,16.0,True,10033.828132972141,33.82813297214125,0.0,1.0,,,1.0
82,1.0090922215543963,1.0116941591559732,1.0090922215543963,1.0108980975159918,0.002677670962673684,0.003378570876294118,0.008537685977793252,0.009400632639399609,1.0,0.001935807342368622,0.2,2.0,82.0,16.0,True,10034.589144716989,34.58914471698881,0.0,1.0,,,1.0
83,1.009713894658113,1.0102568085946726,1.0088854016349715,1.0088854016349715,-5.9252993056313485e-05,0.002677670962673684,0.005087079867072575,0.008537685977793252,1.0,0.0017348432527181364,0.2,2.0,83.0,16.0,True,10032.57644883597,32.57644883596913,0.0,1.0,,,2.0
84,1.007633621258212,1.0086528492808937,1.0071827985588067,1.0071827985588067,-0.0015608415514005713,-5.9252993056313485e-05,0.002021312008450682,0.005087079867072575,0.0,0.0,0.20173484325271815,2.0,84.0,16.0,False,10032.57644883597,32.57644883596913,0.0,0.0,,1.0088854016349715,0.0
85,1.0082639842014345,1.0082639842014345,1.0051187970454094,1.0051187970454094,-0.0030951676619426216,-0.0015608415514005713,-0.0009035100547265529,0.002021312008450682,0.0,0.0,-0.0,2.0,85.0,16.0,False,10032.57644883597,32.57644883596913,0.0,0.0,,,1.0
86,1.0082330072891652,1.0082330072891652,1.0032020396676726,1.0032020396676726,-0.004368663697993158,-0.0030951676619426216,-0.0032004739381810143,-0.0009035100547265529,1.0,-0.00020102088312227832,-0.2,2.0,86.0,17.0,True,10030.559691458233,30.55969145823292,0.0,1.0,1.0051187970454094,,1.0
87,1.0031658250815483,1.0031658250815483,1.0018129585640032,1.0024459606337601,-0.003842888542341605,-0.004368663697993158,-0.00407772140171625,-0.0032004739381810143,1.0,-0.00027638328257852454,-0.2,2.0,87.0,17.0,True,10029.803612424319,29.803612424319,0.0,1.0,,,0.0
88,1.0017360227932506,1.002112212349149,1.0000351460434318,1.0008443120727284,-0.003768906196162769,-0.003842888542341605,-0.0055725103383768015,-0.00407772140171625,1.0,-0.00043602807264813456,-0.2,2.0,88.0,17.0,True,10028.201963863288,28.201963863288256,0.0,1.0,,,2.0
89,0.9992003289902032,0.9992003289902032,0.9969667258139426,0.998130157279448,-0.0046905202635226795,-0.003768906196162769,-0.007752508806051606,-0.0055725103383768015,0.0,0.0,-0.20043602807264815,2.0,89.0,17.0,False,10028.201963863288,28.201963863288256,0.0,0.0,,1.0008443120727284,2.0
90,0.9954984596579431,0.996860288543221,0.9939822743057477,0.996860288543221,-0.0042399706638187595,-0.0046905202635226795,-0.008061661115402963,-0.007752508806051606,0.5,0.00011665787550377057,0.2,2.0,90.0,18.0,True,10029.371832599516,29.371832599515983,0.0,0.5,0.998130157279448,,0.0
91,0.9949736976421846,0.9949736976421846,0.9930740690626719,0.9930740690626719,-0.006018735480578075,-0.0042399706638187595,-0.010579315562629588,-0.008061661115402963,0.5,0.0004942150382127685,0.2,2.0,91.0,18.0,True,10033.158052080063,33.1580520800635,0.0,0.5,,,0.0
92,0.9917831369636766,0.9935401759221951,0.9905854600898277,0.992684785098365,-0.004655143683333751,-0.006018735480578075,-0.009770530975317882,-0.010579315562629588,0.5,0.0005330339576670953,0.2,2.0,92.0,18.0,True,10033.547336044372,33.54733604437206,0.0,0.5,,,0.0
93,0.9904934365277462,0.9938823603761268,0.9892085709656342,0.9896806115700177,-0.0055317590343906264,-0.004655143683333751,-0.011069998320237917,-0.009770530975317882,0.5,0.0008326064572211349,0.2,2.0,93.0,18.0,True,10036.551509572719,36.551509572718714,0.0,0.5,,,2.0
94,0.9898029936314509,0.9916728564009127,0.988011333206682,0.9899399208649092,-0.003455051204862558,-0.0055317590343906264,-0.009064174304422967,-0.011069998320237917,0.5,0.0008067484523837862,0.2,2.0,94.0,18.0,True,10036.292200277827,36.29220027782685,0.0,0.5,,,2.0
95,0.9898494469818022,0.9924812135853528,0.988213873585633,0.988213873585633,-0.003528384535169793,-0.003455051204862558,-0.009067594246254251,-0.009064174304422967,0.5,0.00097886777003376,0.2,2.0,95.0,18.0,True,10038.018247557104,38.01824755710368,0.0,0.5,,,2.0
96,0.992132631089225,0.992132631089225,0.9909185712631278,0.9917975282624909,0.0008990635218099063,-0.003528384535169793,-0.004201833711370062,-0.009067594246254251,0.5,0.0006215101210981204,0.2,2.0,96.0,18.0,True,10034.434592880245,34.43459288024496,0.0,0.5,,,0.0
97,0.9919274193237387,0.992945503955859,0.9904093706284959,0.9904093706284959,-4.497770648903554e-05,0.0008990635218099063,-0.004364205810622357,-0.004201833711370062,0.5,0.0007599354977506113,0.2,2.0,97.0,18.0,True,10035.82275051424,35.8227505142404,0.0,0.5,,,1.0
98,0.9933516471639601,0.9948210462534246,0.9930578109278942,0.9944927608781088,0.003737083246499795,-4.497770648903554e-05,0.00044495767145424914,-0.004364205810622357,0.0,0.0,0.20075993549775062,2.0,98.0,18.0,False,10035.82275051424,35.8227505142404,0.0,0.0,,0.9904093706284959,1.0
99,0.9954806451257486,0.9979540809506596,0.9954806451257486,0.9958789143524033,0.004090186257063477,0.003737083246499795,0.0023783650025286374,0.00044495767145424914,1.0,0.00012815625646921578,0.2,2.0,99.0,19.0,True,10037.108903988536,37.10890398853553,0.0,1.0,0.9944927608781088,,1.0
100,0.9974234424763087,1.0010115149370455,0.997201078905832,1.0010115149370455,0.007377521163016265,0.004090186257063477,0.007497032015144289,0.0023783650025286374,1.0,0.0006395842392301976,0.2,2.0,100.0,19.0,True,10042.241504573178,42.241504573177735,0.0,1.0,,,1.0
101,0.9994665849054277,1.0023549676774515,0.999309563146302,1.0023549676774515,0.006364124888119105,0.007377521163016265,0.008488417222383249,0.007497032015144289,1.0,0.0007734499694053432,0.2,2.0,101.0,19.0,True,10043.584957313584,43.5849573135838,0.0,1.0,,,1.0
102,1.0018982829005803,1.0053988259690003,1.0018979946692363,1.0053988259690003,0.007141100228583053,0.006364124888119105,0.010820730728450578,0.008488417222383249,1.0,0.0010767492969460655,0.2,2.0,102.0,19.0,True,10046.628815605132,46.62881560513233,0.0,1.0,,,0.0
103,1.0045554255058462,1.0070447443282244,1.0045554255058462,1.0070447443282244,0.0060144563045190225,0.007141100228583053,0.011302426148878664,0.010820730728450578,1.0,0.0012407536242584206,0.2,2.0,103.0,19.0,True,10048.274733964356,48.27473396435562,0.0,1.0,,,1.0
104,1.0055553618644026,1.0087579860031795,1.0055553618644026,1.0087579860031795,0.005350160458629016,0.0060144563045190225,0.01167623441509924,0.011302426148878664,1.0,0.0014114662521660056,0.2,2.0,104.0,19.0,True,10049.987975639311,49.98797563931112,0.0,1.0,,,1.0
105,1.0097552436851154,1.0101258958918682,1.0076742302607289,1.009984291188607,0.004225569504689108,0.005350160458629016,0.011210566298977764,0.01167623441509924,1.0,0.0015336590425243954,0.2,2.0,105.0,19.0,True,10051.214280824739,51.214280824739035,0.0,1.0,,,1.0
106,1.0109997387623217,1.0109997387623217,1.0086509905818388,1.0094885808733483,0.0023170148667133184,0.004225569504689108,0.009085800983015702,0.011210566298977764,1.0,0.0014842649542087815,0.2,2.0,106.0,19.0,True,10050.71857050948,50.71857050947983,0.0,1.0,,,0.0
107,1.0114064715715754,1.0114064715715754,1.0081006857203771,1.0112356693559297,0.0025839864028815995,0.0023170148667133184,0.008914406484739068,0.009085800983015702,1.0,0.0016583501813010899,0.2,2.0,107.0,19.0,True,10052.465658992061,52.465658992061435,0.0,1.0,,,0.0
108,1.0098177484972606,1.0103329943201027,1.0088927716213247,1.009659191121442,0.0002974473096537533,0.0025839864028815995,0.005849456345338844,0.008914406484739068,1.0,0.0015012650798920592,0.2,2.0,108.0,19.0,True,10050.889180757573,50.88918075757283,0.0,1.0,,,2.0
109,1.0099443347651298,1.0099443347651298,1.0062899562759031,1.0062899562759031,-0.0029459895271650716,0.0002974473096537533,0.0011568393625160933,0.005849456345338844,0.0,0.0,0.20150126507989208,2.0,109.0,19.0,False,10050.889180757573,50.88918075757283,0.0,0.0,,1.009659191121442,1.0
110,1.0072188405638725,1.0074720985401338,1.0063397807398375,1.0064683000559413,-0.002386031422586976,-0.0029459895271650716,0.0003372215444015225,0.0011568393625160933,1.0,7.794711356306175e-06,0.2,2.0,110.0,20.0,True,10050.967524537611,50.9675245376111,0.0,1.0,1.0062899562759031,,1.0
111,1.0057752672818818,1.0057752672818818,1.003854904260667,1.003854904260667,-0.00397786272987144,-0.002386031422586976,-0.0029408400765613685,0.0003372215444015225,1.0,-0.0002522216661277532,-0.2,2.0,111.0,20.0,True,10048.354128742336,48.35412874233589,0.0,1.0,,,0.0
112,1.0056038060027914,1.0056038060027914,1.001119651586762,1.0044116694333804,-0.0025749456504964296,-0.00397786272987144,-0.0026674211118760116,-0.0029408400765613685,1.0,-0.00019682704753228196,-0.2,2.0,112.0,20.0,True,10048.91089391505,48.91089391505011,0.0,1.0,,,2.0
113,1.000481037065764,1.00189810208112,0.9992244571839496,1.0003244928906896,-0.0048435927823138325,-0.0025749456504964296,-0.006585391422336606,-0.0026674211118760116,0.0,0.0,-0.2001968270475323,2.0,113.0,20.0,False,10048.91089391505,48.91089391505011,0.0,0.0,,1.0044116694333804,1.0
114,1.0011414968233945,1.0011414968233945,0.9959695833325528,0.99964901470546,-0.003850708231546429,-0.0048435927823138325,-0.006781718668937842,-0.006585391422336606,1.0,-7.717037133837005e-05,-0.2,2.0,114.0,21.0,True,10048.135415729821,48.135415729821034,0.0,1.0,1.0003244928906896,,1.0
115,0.9957089185629839,0.9970892033475476,0.9950938211269109,0.9950938211269109,-0.006539879285263561,-0.003850708231546429,-0.010341001980710862,-0.006781718668937842,1.0,-0.0005304725875325027,-0.2,2.0,115.0,21.0,True,10043.580222151271,43.5802221512713,0.0,1.0,,,2.0
116,0.9946113901752475,0.9946113901752475,0.9919038026221939,0.9919038026221939,-0.007302481551022644,-0.006539879285263561,-0.012126505203679083,-0.010341001980710862,0.0,0.0,-0.2005304725875325,2.0,116.0,21.0,False,10043.580222151271,43.5802221512713,0.0,0.0,,0.9950938211269109,1.0
117,0.9940903374594566,0.9940903374594566,0.9903095699449734,0.9903095699449734,-0.006639158508960907,-0.007302481551022644,-0.012081177777263474,-0.012126505203679083,1.0,-0.00016868812114267966,-0.2,2.0,117.0,22.0,True,10041.88598947405,41.8859894740508,0.0,1.0,0.9919038026221939,,1.0
118,0.9902959968914289,0.9905862537098639,0.9892369484451544,0.9905862537098639,-0.004058238790151214,-0.006639158508960907,-0.01022930008208267,-0.012081177777263474,1.0,-0.00014113980084548143,-0.2,2.0,118.0,22.0,True,10042.162673238941,42.16267323894135,0.0,1.0,,,1.0
119,0.9901242746354623,0.9915839866589262,0.9893179805002241,0.9915839866589262,-0.0016037548024615544,-0.004058238790151214,-0.007593926908269877,-0.01022930008208267,1.0,-4.1799433467139364e-05,-0.2,2.0,119.0,22.0,True,10043.160406188004,43.160406188004345,0.0,1.0,,,1.0
120,0.989622829709929,0.9914453811578701,0.9892554630450959,0.9914453811578701,-0.00037508804558616937,-0.0016037548024615544,-0.006214714912361807,-0.007593926908269877,1.0,-5.559984108975768e-05,-0.2,2.0,120.0,22.0,True,10043.021800686947,43.021800686947245,0.0,1.0,,,0.0
121,0.9916476816054506,0.9927765690790541,0.9894187404683377,0.9898560472080358,-0.0010914596756079753,-0.00037508804558616937,-0.006434556439873784,-0.006214714912361807,1.0,-0.00021384360622930343,-0.2,2.0,121.0,22.0,True,10041.432466737113,41.43246673711292,0.0,1.0,,,1.0
122,0.99030711064419,0.9926257504423818,0.99030711064419,0.9918938947141283,0.0009480391484956163,-0.0010914596756079753,-0.0031821751552968403,-0.006434556439873784,1.0,-1.0943100531347409e-05,-0.2,2.0,122.0,22.0,True,10043.470314243206,43.4703142432063,0.0,1.0,,,1.0
123,0.99316109960485,0.9955292040700899,0.9922844477895286,0.9949606416551787,0.003239607471178574,0.0009480391484956163,0.0006257603362108677,-0.0031821751552968403,1.0,0.0002944008976463852,0.2,2.0,123.0,22.0,True,10046.537061184255,46.537061184255435,0.0,1.0,,,0.0
124,0.993839503898317,0.9970243430081817,0.993839503898317,0.9970243430081817,0.0042302939411286156,0.003239607471178574,0.003305072224647043,0.0006257603362108677,1.0,0.0004998755697609573,0.2,2.0,124.0,22.0,True,10048.600762537259,48.60076253725856,0.0,1.0,,,2.0
125,0.9970270479216777,0.9995053742909221,0.9966929851594022,0.9987075213990845,0.004726216542005113,0.0042302939411286156,0.005122998239850185,0.003305072224647043,0.0,0.0,0.20049987556976095,2.0,125.0,22.0,False,10048.600762537259,48.60076253725856,0.0,0.0,,0.9970243430081817,1.0
126,0.9995569383842003,1.0024336153090103,0.9995569383842003,1.0024336153090103,0.006620938093407691,0.004726216542005113,0.00861704209948011,0.005122998239850185,1.0,0.00036085560523455994,0.2,2.0,126.0,23.0,True,10052.226856447185,52.22685644718513,0.0,1.0,0.9987075213990845,,1.0
127,1.0026469635726818,1.0044434062253351,1.0008201940643817,1.0044434062253351,0.006199502506849197,0.006620938093407691,0.009847700924269676,0.00861704209948011,1.0,0.0005608626473908786,0.2,2.0,127.0,23.0,True,10054.236647363508,54.23664736350838,0.0,1.0,,,0.0
128,1.003777302084239,1.0075149050495493,1.0026715886377462,1.0060732482633903,0.005466118953360688,0.006199502506849197,0.010296755825558335,0.009847700924269676,1.0,0.0007230585666607004,0.2,2.0,128.0,23.0,True,10055.866489401564,55.86648940156374,0.0,1.0,,,1.0
129,1.0053343791592573,1.0073438954852143,1.0053343791592573,1.0073438954852143,0.004672890536845387,0.005466118953360688,0.010147875919028992,0.010296755825558335,1.0,0.0008495087314001721,0.2,2.0,129.0,23.0,True,10057.137136623389,57.13713662338887,0.0,1.0,,,0.0
130,1.0069170766293063,1.0091085589779323,1.0067230290387457,1.0090838842714511,0.004402955779204021,0.004672890536845387,0.010346395491800275,0.010147875919028992,1.0,0.0010226660522406786,0.2,2.0,130.0,23.0,True,10058.877125409625,58.87712540962457,0.0,1.0,,,2.0
131,1.0086013941980314,1.0117415059598183,1.0086013941980314,1.0096692352055987,0.0031613544122659487,0.004402955779204021,0.009424642380391868,0.010346395491800275,0.0,0.0,0.2010226660522407,2.0,131.0,23.0,False,10058.877125409625,58.87712540962457,0.0,0.0,,1.0090838842714511,0.0
132,1.010168044131923,1.0110218592321376,1.0090350838011846,1.0090350838011846,0.0014269582591559526,0.0031613544122659487,0.007324682422368056,0.009424642380391868,0.0,0.0,-0.0,2.0,132.0,23.0,False,10058.877125409625,58.87712540962457,0.0,0.0,,,2.0
133,1.010159036249152,1.0106925152885249,1.0091352037791153,1.009335993199556,0.000912436495157154,0.0014269582591559526,0.006002262988112905,0.007324682422368056,0.5,-3.9856277532084546e-05,-0.2,2.0,133.0,24.0,True,10058.476216011253,58.4762160112532,0.0,0.5,1.0090350838011846,,1.0
134,1.009247143601892,1.0100937246764574,1.0078581353741678,1.0080711681140284,-0.0006853752321434037,0.000912436495157154,0.003389331785926819,0.006002262988112905,0.0,0.0,-0.2000398562775321,2.0,134.0,24.0,False,10058.476216011253,58.4762160112532,0.0,0.0,,1.009335993199556,0.0
135,1.0091238278613202,1.009944314374854,1.006163195587903,1.006163195587903,-0.0023965644420504972,-0.0006853752321434037,0.000547813098741079,0.003389331785926819,0.0,0.0,-0.0,2.0,135.0,24.0,False,10058.476216011253,58.4762160112532,0.0,0.0,,,0.0
136,1.006745618980111,1.0070609298605784,1.005297260159513,1.0064801514101873,-0.001645653142888781,-0.0023965644420504972,7.678488752493884e-05,0.000547813098741079,0.0,0.0,-0.0,2.0,136.0,24.0,False,10058.476216011253,58.4762160112532,0.0,0.0,,,0.0
137,1.0050699922092095,1.0050699922092095,1.0011257705505416,1.0011257705505416,-0.005576123226691543,-0.001645653142888781,-0.0054791167347418845,7.678488752493884e-05,0.0,0.0,-0.0,2.0,137.0,24.0,False,10058.476216011253,58.4762160112532,0.0,0.0,,,1.0
138,1.001943104105228,1.001943104105228,1.000311199685518,1.000311199685518,-0.004936713405770732,-0.005576123226691543,-0.00611681963114119,-0.0054791167347418845,1.0,-9.092538923219183e-05,-0.2,2.0,138.0,25.0,True,10057.56164514623,57.56164514623015,0.0,1.0,1.0011257705505416,,2.0
139,0.9991463932498911,0.9991463932498911,0.9981436624192297,0.9981436624192297,-0.005238862208671424,-0.004936713405770732,-0.007759378246920745,-0.00611681963114119,0.0,0.0,-0.2000909253892322,2.0,139.0,25.0,False,10057.56164514623,57.56164514623015,0.0,0.0,,1.000311199685518,1.0
140,0.9972937759258342,0.9980836354554329,0.9951548257964113,0.9951548257964113,-0.006074975111886705,-0.005238862208671424,-0.009838346330824255,-0.007759378246920745,1.0,-0.00030711585290745067,-0.2,2.0,140.0,26.0,True,10054.472808523411,54.472808523411004,0.0,1.0,0.9981436624192297,,0.0
141,0.9940802579494622,0.996665230423456,0.9918790027073593,0.9918790027073593,-0.006970099387514916,-0.006074975111886705,-0.011825428355055068,-0.009838346330824255,1.0,-0.0006328233359565814,-0.2,2.0,141.0,26.0,True,10051.19698543436,51.19698543436061,0.0,1.0,,,1.0
142,0.9930592768177956,0.9933732631661312,0.9900863937552681,0.9933732631661312,-0.0032913575547337537,-0.006970099387514916,-0.009021949470839674,-0.011825428355055068,1.0,-0.0004842524883204642,-0.2,2.0,142.0,26.0,True,10052.691245893131,52.691245893131054,0.0,1.0,,,1.0
143,0.9918852377445144,0.9920130221854572,0.9896095721975303,0.9902530899401633,-0.004599417345638512,-0.0032913575547337537,-0.010524110591354607,-0.009021949470839674,1.0,-0.0007944840669132444,-0.2,2.0,143.0,26.0,True,10049.571072667164,49.57107266716412,0.0,1.0,,,1.0
144,0.9894229981667833,0.9902796232953608,0.9884448590909838,0.9884448590909838,-0.004429924762395676,-0.004599417345638512,-0.010616489381350624,-0.010524110591354607,1.0,-0.0009742722614059046,-0.2,2.0,144.0,26.0,True,10047.762841817985,47.762841817984736,0.0,1.0,,,0.0
145,0.9908286946419945,0.9914126205582348,0.9891142031501251,0.9914126205582348,-0.00034032298497888025,-0.004429924762395676,-0.006155113527322897,-0.010616489381350624,1.0,-0.0006791946300713543,-0.2,2.0,145.0,26.0,True,10050.730603285236,50.7306032852357,0.0,1.0,,,2.0
146,0.9902463417750295,0.9912880719295626,0.9880540998556495,0.9912880719295626,0.00017958736415701892,-0.00034032298497888025,-0.0048810708072895,-0.006155113527322897,0.0,0.0,-0.20067919463007136,2.0,146.0,26.0,False,10050.730603285236,50.7306032852357,0.0,0.0,,0.9914126205582348,1.0
147,0.9903110054400307,0.9931415811709213,0.9894299758420847,0.9894299758420847,-0.0012703375791083271,0.00017958736415701892,-0.005344731915949197,-0.0048810708072895,1.0,-0.00019482126869840247,-0.2,2.0,147.0,27.0,True,10048.772507197758,48.77250719775839,0.0,1.0,0.9912880719295626,,2.0
148,0.9922789726785423,0.9945611803169936,0.9914413503252879,0.9942648484913018,0.003415937515913625,-0.0012703375791083271,0.0005080826431751451,-0.005344731915949197,0.0,0.0,-0.20019482126869842,2.0,148.0,27.0,False,10048.772507197758,48.77250719775839,0.0,0.0,,0.9894299758420847,2.0
149,0.9935060793012328,0.9981097099567426,0.9935060793012328,0.9981097099567426,0.005951362311924502,0.003415937515913625,0.004604282491432521,0.0005080826431751451,0.5,-0.00039257147702519835,-0.2,2.0,149.0,28.0,True,10044.827645732317,44.82764573231725,0.0,0.5,0.9942648484913018,,2.0
150,0.9964531676444844,0.9995712373476964,0.9964531676444844,0.9995712373476964,0.005558493326759395,0.005951362311924502,0.006127473410537987,0.004604282491432521,0.5,-0.0005380148523137587,-0.2,2.0,150.0,28.0,True,10043.366118341364,43.3661183413642,0.0,0.5,,,0.0
151,1.000116466404273,1.0018603852084547,0.9964328559274528,1.0018603852084547,0.0061063470791477,0.005558493326759395,0.008106894372194251,0.006127473410537987,0.5,-0.0007658185824826537,-0.2,2.0,151.0,28.0,True,10041.076970480606,41.07697048060618,0.0,0.5,,,0.0
152,1.0013693091465352,1.0040090029002389,1.0013693091465352,1.0040090029002389,0.0061348096091525806,0.0061063470791477,0.00951766397199294,0.008106894372194251,0.5,-0.0009796375031762199,-0.2,2.0,152.0,28.0,True,10038.928352788822,38.92835278882194,0.0,0.5,,,1.0
153,1.0051396325153001,1.0059376376926705,1.0039870825407826,1.0059376376926705,0.005312167426486658,0.0061348096091525806,0.010274745848982025,0.00951766397199294,0.0,0.0,-0.20097963750317624,2.0,153.0,28.0,False,10038.928352788822,38.92835278882194,0.0,0.0,,1.0040090029002389,2.0
154,1.0053877604671213,1.0080598416232307,1.0053877604671213,1.0080598416232307,0.005135205835058443,0.005312167426486658,0.011173068241450479,0.010274745848982025,0.5,-0.00022135868017653934,-0.2,2.0,154.0,29.0,True,10036.706148858262,36.70614885826217,0.0,0.5,1.0059376376926705,,0.0
155,1.0107172160756666,1.0107172160756666,1.0083898678207324,1.009120051622159,0.004360358889750726,0.005135205835058443,0.010661031433545909,0.011173068241450479,0.5,-0.0003269685582103616,-0.2,2.0,155.0,29.0,True,10035.645938859334,35.64593885933391,0.0,0.5,,,2.0
156,1.0094441217607644,1.0109305790191794,1.0085832125290612,1.0085832125290612,0.002321523933092262,0.004360358889750726,0.008445996220608487,0.010661031433545909,0.5,-0.00027349282113643095,-0.2,2.0,156.0,29.0,True,10036.182777952432,36.182777952431934,0.0,0.5,,,1.0
157,1.0098813187511142,1.0109235029039165,1.0090945559899298,1.0107463601359665,0.003003675718745491,0.002321523933092262,0.008997998862702694,0.008445996220608487,0.0,0.0,-0.20027349282113643,2.0,157.0,29.0,False,10036.182777952432,36.182777952431934,0.0,0.0,,1.0085832125290612,1.0
158,1.0090947919535378,1.0103824510818775,1.008958471771825,1.008958471771825,0.00039087587600628027,0.003003675718745491,0.005737577178372533,0.008997998862702694,1.0,-0.00018810820865966033,-0.2,2.0,158.0,30.0,True,10034.294889588291,34.29488958829097,0.0,1.0,1.0107463601359665,,2.0
159,1.0098334451129303,1.0100173901720422,1.0078143383797984,1.0084452961976211,-0.0005402427823559819,0.00039087587600628027,0.0036397915745405296,0.005737577178372533,0.0,0.0,-0.20018810820865968,2.0,159.0,30.0,False,10034.294889588291,34.29488958829097,0.0,0.0,,1.008958471771825,1.0
160,1.0078985090713888,1.0085064774263652,1.0061994441431772,1.0068977588838215,-0.001894099639587532,-0.0005402427823559819,0.0010395117280308508,0.0036397915745405296,1.0,-0.00016419064138818024,-0.2,2.0,160.0,31.0,True,10032.647352274491,32.64735227449091,0.0,1.0,1.0084452961976211,,1.0
161,1.0063213952152361,1.0070775992708767,1.0044737324867732,1.0044737324867732,-0.0035437395140713868,-0.001894099639587532,-0.001914849879853131,0.0010395117280308508,1.0,-0.00040576480516559774,-0.2,2.0,161.0,31.0,True,10030.223325877443,30.22332587744313,0.0,1.0,,,1.0
162,1.0053571644783175,1.0053571644783175,1.0017961809395743,1.0017961809395743,-0.005090119129689041,-0.0035437395140713868,-0.004777813393041841,-0.001914849879853131,1.0,-0.0006726048349495643,-0.2,2.0,162.0,31.0,True,10027.545774330245,27.545774330244967,0.0,1.0,,,0.0
163,1.0025996298561204,1.0025996298561204,1.0006026212712185,1.0006026212712185,-0.004593055653920208,-0.005090119129689041,-0.005866559399961391,-0.004777813393041841,1.0,-0.0007915528708094965,-0.2,2.0,163.0,31.0,True,10026.352214661889,26.352214661888866,0.0,1.0,,,1.0
164,0.9992574842381554,1.0020387686868004,0.9982349456448594,0.9982349456448594,-0.005173476925784959,-0.004593055653920208,-0.007753063588372244,-0.005866559399961391,1.0,-0.001027511216902735,-0.2,2.0,164.0,31.0,True,10023.98453903553,23.98453903552945,0.0,1.0,,,2.0
165,0.9984654922639884,0.9984654922639884,0.9944561634318902,0.9955593292921991,-0.005701432127541484,-0.005173476925784959,-0.009563820907659837,-0.007753063588372244,0.0,0.0,-0.20102751121690274,2.0,165.0,31.0,False,10023.98453903553,23.98453903552945,0.0,0.0,,0.9982349456448594,2.0
166,0.9942692937333724,0.9949649180544431,0.993716124589335,0.9949649180544431,-0.004307036560401212,-0.005701432127541484,-0.00906698851468346,-0.009563820907659837,0.5,4.932282525284346e-05,0.2,2.0,166.0,32.0,True,10024.478950273286,24.47895027328559,0.0,0.5,0.9955593292921991,,1.0
167,0.9936090678968204,0.9936090678968204,0.991681284191703,0.9935496431459695,-0.0039016299120741005,-0.004307036560401212,-0.009184729383474699,-0.00906698851468346,0.0,0.0,0.20004932282525287,2.0,167.0,32.0,False,10024.478950273286,24.47895027328559,0.0,0.0,,0.9949649180544431,2.0
168,0.9936513618000632,0.9936513618000632,0.989779367784095,0.9910795413581409,-0.004585625102997093,-0.0039016299120741005,-0.010196191907060004,-0.009184729383474699,0.5,0.00023643141948679228,0.2,2.0,168.0,33.0,True,10026.849052061114,26.84905206111398,0.0,0.5,0.9935496431459695,,2.0
169,0.9917593602627268,0.9917593602627268,0.9891179588493063,0.9894270634679555,-0.004375510025972029,-0.004585625102997093,-0.010072061741577931,-0.010196191907060004,0.5,0.0004012756870425001,0.2,2.0,169.0,33.0,True,10028.5015299513,28.501529951299744,0.0,0.5,,,0.0
170,0.9893234068414641,0.9904457984681104,0.989204345680569,0.9894503490802282,-0.002888124986260787,-0.004375510025972029,-0.008423099238338727,-0.010072061741577931,0.5,0.0003989528119695686,0.2,2.0,170.0,33.0,True,10028.478244339027,28.478244339026787,0.0,0.5,,,0.0
171,0.9910975091946261,0.9910975091946261,0.9888518759815592,0.9888518759815592,-0.0023686891998232484,-0.002888124986260787,-0.00738878731900261,-0.008423099238338727,0.5,0.00045865397964499083,0.2,2.0,171.0,33.0,True,10029.076717437696,29.07671743769606,0.0,0.5,,,0.0
172,0.991752579975157,0.9921665893164192,0.9892399669940498,0.9921665893164192,0.001412412258040674,-0.0023686891998232484,-0.0028464765201923203,-0.00738878731900261,0.5,0.00012799207179893437,0.2,2.0,172.0,33.0,True,10025.762004102837,25.762004102836727,0.0,0.5,,,2.0
173,0.9930062191951695,0.9940065734830189,0.9916254998953109,0.9937245487641666,0.002941220769421826,0.001412412258040674,-0.0003927517622278609,-0.0028464765201923203,0.5,-2.742343213655141e-05,-0.2,2.0,173.0,33.0,True,10024.20404465509,24.204044655089092,0.0,0.5,,,0.0
174,0.9939086425225448,0.9960416745723178,0.9937288892585779,0.9960416745723178,0.0044313243752100995,0.002941220769421826,0.0024039162431948036,-0.0003927517622278609,0.5,-0.0002585701899526347,-0.2,2.0,174.0,33.0,True,10021.886918846938,21.886918846937988,0.0,0.5,,,2.0
175,0.9962650653993389,1.001041990727458,0.9962650653993389,1.001041990727458,0.007495819320433084,0.0044313243752100995,0.0073676182769816245,0.0024039162431948036,0.5,-0.0007573807695293171,-0.2,2.0,175.0,33.0,True,10016.886602691797,16.886602691796725,0.0,0.5,,,0.0
176,0.9992621877211173,0.9997544406345511,0.9990323758754465,0.9997544406345511,0.004490920635139117,0.007495819320433084,0.005953443601600439,0.0073676182769816245,0.5,-0.0006289401693451332,-0.2,2.0,176.0,33.0,True,10018.174152784704,18.174152784704347,0.0,0.5,,,2.0
177,1.0027222383958738,1.0047472411852596,1.0017872486471906,1.0047472411852596,0.0068344936518974775,0.004490920635139117,0.010180584827887196,0.005953443601600439,0.5,-0.0011270010237272342,-0.2,2.0,177.0,33.0,True,10013.181352233996,13.181352233996222,0.0,0.5,,,0.0
178,1.003701165689446,1.0059348974899605,1.003701165689446,1.0059348974899605,0.005727431927674775,0.0068344936518974775,0.010454076179628125,0.010180584827887196,0.5,-0.0012454766383294754,-0.2,2.0,178.0,33.0,True,10011.993695929295,11.993695929295427,0.0,0.5,,,2.0
179,1.0061972238851602,1.0086714387978855,1.005419390100996,1.0069804413753942,0.004563660377904011,0.005727431927674775,0.01038038687927656,0.010454076179628125,0.5,-0.0013497757136849344,-0.2,2.0,179.0,33.0,True,10010.94815204386,10.948152043860318,0.0,0.5,,,1.0
180,1.0090134190181115,1.0090134190181115,1.0080695222100051,1.0085892923894801,0.00408124175579605,0.004563660377904011,0.010530091974084277,0.01038038687927656,0.0,0.0,-0.20134977571368495,2.0,180.0,33.0,False,10010.94815204386,10.948152043860318,0.0,0.0,,1.0069804413753942,0.0
181,1.011182429886781,1.011182429886781,1.0083426738933092,1.0096523695404922,0.0037092557713025442,0.00408124175579605,0.009907726952384954,0.010530091974084277,0.0,0.0,-0.0,2.0,181.0,33.0,False,10010.94815204386,10.948152043860318,0.0,0.0,,,2.0
182,1.0099994931339784,1.0099994931339784,1.0073884964886815,1.0095637251301675,0.0019857306117083695,0.0037092557713025442,0.008142967871231921,0.009907726952384954,0.5,-1.1343170999178917e-06,-0.2,2.0,182.0,34.0,True,10010.936796454185,10.936796454185242,0.0,0.5,1.0096523695404922,,2.0
183,1.0094917738014322,1.010840077916067,1.0086075368427667,1.010840077916067,0.0022466106091398874,0.0019857306117083695,0.007586970495922385,0.008142967871231921,0.5,-0.00012863001146517678,-0.2,2.0,183.0,34.0,True,10009.660443668286,9.660443668286462,0.0,0.5,,,0.0
184,1.009196786074762,1.0107263524014745,1.0084807170775834,1.0107263524014745,0.001334309275961898,0.0022466106091398874,0.0059265980575753385,0.007586970495922385,0.5,-0.00011726989723171982,-0.2,2.0,184.0,34.0,True,10009.774169182878,9.774169182877813,0.0,0.5,,,0.0
185,1.0095291694636714,1.0095291694636714,1.0066781576603931,1.008501143763801,-0.001144349759779395,0.001334309275961898,0.002470006503265676,0.0059265980575753385,0.5,0.00010500761373702888,0.2,2.0,185.0,34.0,True,10011.999377820552,11.999377820551672,0.0,0.5,,,0.0
186,1.0071420576444816,1.0071420576444816,1.00514444200019,1.0059685725719467,-0.0032401343153778406,-0.001144349759779395,-0.000889806188557607,0.002470006503265676,0.5,0.000357987766404904,0.2,2.0,186.0,34.0,True,10014.531949012406,14.531949012405676,0.0,0.5,,,2.0
187,1.0060130086654993,1.006984990006722,1.0016788429816361,1.0027068686639644,-0.005344254743938848,-0.0032401343153778406,-0.004290249924582046,-0.000889806188557607,0.5,0.0006838014514269753,0.2,2.0,187.0,34.0,True,10017.793652920389,17.793652920388922,1.0,0.5,,,
