,o,h,l,c,stateFeature_0,stateFeature_1,stateFeature_2,stateFeature_3,stateFeature_4,reward,totalReward,simNum,eventFlag,stopFlag,barNum,nTrades,tradeOpen,accountValue,accountBalance,unrealizedPL,allPL,positionStatus,positionSize,entryPrice,exitPrice,action
0,0.9988559090206229,1.0001333569904938,0.9983608495648721,1.0001333569904938,0.005167979885919771,0.0013945682448959218,0.0,0.0,0.1,0.0,0.0,4.0,0.0,0.0,0.0,0.0,,500.0,500.0,0.0,0.0,0.0,1000.0,,,0.0
1,1.0004313279015509,1.0030392604991307,1.0004206698114477,1.0030392604991307,0.005970130536511298,0.002978918228588645,0.0,0.0,0.1,0.0,0.0,4.0,0.0,0.0,1.0,0.0,,500.0,500.0,0.0,0.0,0.0,1000.0,,,3.0
2,1.0045486890937603,1.0061229240020184,1.0029321753429798,1.0048426711900245,0.00553227248910515,0.004261978177340642,0.0,0.0,0.1,0.0,0.0,4.0,0.0,0.0,2.0,0.0,,500.0,500.0,0.0,0.0,0.0,1000.0,,,3.0
3,1.0045427160829308,1.0076914284532017,1.0045427160829308,1.0076914284532017,0.005895400183231203,0.005368444048075349,0.0,0.0,0.1,0.0,0.0,4.0,0.0,0.0,3.0,0.0,,500.0,500.0,0.0,0.0,0.0,1000.0,,,3.0
4,1.0075366420097918,1.009136455845278,1.007480640765709,1.009136455845278,0.0053358284779685405,0.005812473271947671,0.0,0.0,0.1,0.0,0.0,4.0,0.0,0.0,4.0,0.0,,500.0,500.0,0.0,0.0,0.0,1000.0,,,3.0
5,1.007428858017139,1.01025440101519,1.007428858017139,1.0094032777343893,0.0036955359489696527,0.006238090049693001,0.0,0.0,0.1,0.0,0.0,4.0,0.0,0.0,5.0,0.0,,500.0,500.0,0.0,0.0,0.0,1000.0,,,4.0
6,1.011761216573688,1.011761216573688,1.0091241925118468,1.0112839820643023,0.0037178027665811797,0.00630040109657326,0.0,0.0,0.15,0.0,0.0,4.0,0.0,0.0,6.0,0.0,,500.0,500.0,0.0,0.0,0.0,1500.0,,,5.0
7,1.0111458246047187,1.0111458246047187,1.0080809524496357,1.0082643196628505,-0.00017270282882386745,0.005683946264527284,0.0,0.0,0.1,0.0,0.0,4.0,0.0,0.0,7.0,0.0,,500.0,500.0,0.0,0.0,0.0,1000.0,,,3.0
8,1.0089801375922014,1.0105225757169123,1.0062523770079947,1.0062523770079947,-0.0024195964533411107,0.00468078738020794,0.0,0.0,0.1,0.0,0.0,4.0,0.0,0.0,8.0,0.0,,500.0,500.0,0.0,0.0,0.0,1000.0,,,5.0
9,1.0102141475497315,1.0102141475497315,1.0059468689315036,1.0059468689315036,-0.002434344609549388,0.0032925926355411583,0.0,0.0,0.05,0.0,0.0,4.0,0.0,0.0,9.0,0.0,,500.0,500.0,0.0,0.0,0.0,500.0,,,4.0
10,1.006691240624608,1.0083368960921293,1.0054107226245046,1.0054107226245046,-0.0023495353797529095,0.0019798153184737988,0.0,0.0,0.1,0.0,0.0,4.0,0.0,0.0,10.0,0.0,,500.0,500.0,0.0,0.0,0.0,1000.0,,,5.0
11,1.006470988383819,1.006470988383819,1.0026794726592445,1.0026794726592445,-0.003960151165822268,0.00046594101982355696,0.0,0.0,0.05,0.0,0.0,4.0,0.0,0.0,11.0,0.0,,500.0,500.0,0.0,0.0,0.0,500.0,,,3.0
12,1.000306337678246,1.0043360693795587,1.000306337678246,1.000714930722016,-0.0041631845460030625,-0.0013440320148510043,0.0,0.0,0.05,0.0,0.0,4.0,0.0,0.0,12.0,0.0,,500.0,500.0,0.0,0.0,0.0,500.0,,,4.0
13,1.0001607814583893,1.0001607814583893,0.9984384944748708,0.9998596267657263,-0.003617706352772032,-0.0024798446865881285,0.0,0.0,0.1,0.0,0.0,4.0,0.0,0.0,13.0,0.0,,500.0,500.0,0.0,0.0,0.0,1000.0,,,3.0
14,0.9969227444716323,0.9979091155029464,0.9943390901852012,0.9943390901852012,-0.007152695129498232,-0.0035900940733184505,0.0,0.0,0.1,0.0,0.0,4.0,0.0,0.0,14.0,0.0,,500.0,500.0,0.0,0.0,0.0,1000.0,,,3.0
15,0.9951925503258525,0.9955509929877047,0.9920373450482654,0.9920373450482654,-0.007136186285894408,-0.004603841103446693,0.0,0.0,0.1,0.0,0.0,4.0,0.0,0.0,15.0,0.0,,500.0,500.0,0.0,0.0,0.0,1000.0,,,3.0
16,0.9930582478208599,0.9934846487088411,0.9911004501553164,0.9911004501553164,-0.005688035767311916,-0.00548588604081468,0.0,0.0,0.1,0.0,0.0,4.0,0.0,0.0,16.0,0.0,,500.0,500.0,0.0,0.0,0.0,1000.0,,,5.0
17,0.9908686564537813,0.9922526842853459,0.9899285168654921,0.9899285168654921,-0.004734809758177527,-0.005988148600698628,0.0,0.0,0.05,0.0,0.0,4.0,0.0,0.0,17.0,0.0,,500.0,500.0,0.0,0.0,0.0,500.0,,,0.0
18,0.9893265389418153,0.9916499290381615,0.9893265389418153,0.9916499290381615,-0.0015025639715323669,-0.005862811129162537,0.0,0.0,0.05,0.0,0.0,4.0,0.0,0.0,18.0,0.0,,500.0,500.0,0.0,0.0,0.0,500.0,,,2.0
19,0.9903191584363082,0.9905424664236415,0.9892278883834325,0.9904032620819813,-0.0011731701470885092,-0.005950450444714317,0.5,0.0011466669561802534,0.05,0.0,0.0,4.0,0.0,0.0,19.0,1.0,True,500.57333347809015,500.0,0.5733334780901267,0.0,0.5,500.0,0.9916499290381615,,5.0
20,0.9920448260520369,0.9920448260520369,0.9896161608011327,0.9907768296235406,-0.000205892511919048,-0.00525453158961986,0.5,0.0007730994146208816,0.0,0.0,0.0,4.0,0.0,0.0,20.0,1.0,True,500.38654970731045,500.0,0.3865497073104408,0.0,0.5,0.0,,,3.0
21,0.9895255975690895,0.9933764781843237,0.9895255975690895,0.9933764781843237,0.0021705671928543557,-0.003983810171345192,0.0,0.0,0.0,1.0,1.0,4.0,0.0,0.0,21.0,1.0,False,500.38654970731045,500.38654970731045,0.0,0.3865497073104507,0.0,0.0,,0.9907768296235406,4.0
22,0.9923490928304248,0.9942795893488741,0.9912544340476167,0.9942795893488741,0.0025438218251451206,-0.002526359199449657,0.0,0.0,0.04996137489031864,0.0,1.0,4.0,0.0,0.0,22.0,1.0,False,500.38654970731045,500.38654970731045,0.0,0.3865497073104507,0.0,500.0,,,2.0
23,0.9945861810832406,0.9959193252929501,0.9940912855222939,0.9955947505662669,0.00291461075907562,-0.0009915934082392885,0.5,-0.0014140680022480632,0.04996137489031864,-0.1,0.9,4.0,0.0,0.0,23.0,2.0,True,499.67896909861406,500.38654970731045,-0.7075806086964176,0.3865497073104507,0.5,500.0,0.9942795893488741,,2.0
24,0.995514514385633,0.9991258569352816,0.995514514385633,0.9991258569352816,0.005199729145237031,0.0003868173901750982,0.5,-0.004942446583846726,0.04996137489031864,-0.1,0.8,4.0,0.0,0.0,24.0,2.0,True,497.9134159141067,500.38654970731045,-2.4731337932037465,0.3865497073104507,0.5,500.0,,,4.0
25,0.997157642562548,1.0012556332026414,0.997157642562548,1.0012556332026414,0.005520776892486867,0.0020792120405422887,0.5,-0.0070705775943681395,0.09992274978063728,-0.1,0.7000000000000001,4.0,0.0,0.0,25.0,2.0,True,496.84852778042676,500.38654970731045,-3.5380219268836886,0.3865497073104507,0.5,1000.0,,,2.0
26,0.9993189178503957,1.0042518137713832,0.9993189178503957,1.0042518137713832,0.006271126769921587,0.0034989824330008412,0.5,-0.010064443607048019,0.09992274978063728,-0.1,0.6000000000000001,4.0,0.0,0.0,26.0,2.0,True,495.3504374960559,500.38654970731045,-5.036112211254556,0.3865497073104507,0.5,1000.0,,,2.0
27,1.0022422998274907,1.0050706443847415,1.0022422998274907,1.0043480347244738,0.004538754966320613,0.004301684383341664,0.5,-0.010160590229241272,0.09992274978063728,-0.1,0.5000000000000001,4.0,0.0,0.0,27.0,2.0,True,495.3023270195106,500.38654970731045,-5.08422268779985,0.3865497073104507,0.5,1000.0,,,2.0
28,1.0067394885373764,1.0069224478017624,1.0057315467823071,1.0069224478017624,0.0050060249681278535,0.005090327654952653,0.5,-0.012733014566780434,0.09992274978063728,-0.1,0.40000000000000013,4.0,0.0,0.0,28.0,2.0,True,494.01512048086624,500.38654970731045,-6.371429226444186,0.3865497073104507,0.5,1000.0,,,2.0
29,1.007153113653205,1.0088510349151782,1.0067069636269363,1.007262866930501,0.00340175803616094,0.005590484543574026,0.5,-0.013073170720995344,0.09992274978063728,-0.1,0.30000000000000016,4.0,0.0,0.0,29.0,2.0,True,493.844910916497,500.38654970731045,-6.541638790813492,0.3865497073104507,0.5,1000.0,,,2.0
30,1.0107930836347685,1.0107930836347685,1.0082259697850744,1.0097622091860354,0.004128374916569699,0.005853853239709994,0.5,-0.015570582229154705,0.09992274978063728,-0.1,0.20000000000000015,4.0,0.0,0.0,30.0,2.0,True,492.59523978872977,500.38654970731045,-7.791309918580685,0.3865497073104507,0.5,1000.0,,,4.0
31,1.0103469168889576,1.0103469168889576,1.0090018371941307,1.0092085048210357,0.002249191948504148,0.005612228281188125,0.5,-0.015017305601991602,0.1498841246709559,-0.1,0.10000000000000014,4.0,0.0,0.0,31.0,2.0,True,492.8720919712296,500.38654970731045,-7.514457736080843,0.3865497073104507,0.5,1500.0,,,2.0
32,1.0085266371676644,1.0106905720706416,1.0085266371676644,1.010177186359206,0.0022303113887038872,0.004983093984519682,0.5,-0.01598523883154864,0.1498841246709559,-0.1,1.3877787807814457e-16,4.0,0.0,0.0,32.0,2.0,True,492.3877512021445,500.38654970731045,-7.998798505165943,0.3865497073104507,0.5,1500.0,,,2.0
33,1.0094448368085331,1.0103293085079241,1.007580667716863,1.007777810470736,-0.0007406937908098765,0.004354612251695755,0.5,-0.013587716466215876,0.1498841246709559,-0.1,-0.09999999999999987,4.0,0.0,0.0,33.0,2.0,True,493.5874391463795,500.38654970731045,-6.799110560930972,0.3865497073104507,0.5,1500.0,,,2.0
34,1.0097387168156324,1.0097387168156324,1.0059128370008308,1.0063564869412442,-0.00206769051021527,0.003253877308911912,0.5,-0.012167490912268503,0.1498841246709559,-0.1,-0.19999999999999987,4.0,0.0,0.0,34.0,2.0,True,494.29810091112535,500.38654970731045,-6.088448796185092,0.3865497073104507,0.5,1500.0,,,0.0
35,1.006157343981688,1.007129651685305,1.0044954391560021,1.0044954391560021,-0.003467500333040885,0.002050915297350686,0.5,-0.01030788079052295,0.1498841246709559,-0.1,-0.2999999999999999,4.0,0.0,0.0,35.0,2.0,True,495.2286248037464,500.38654970731045,-5.157924903564043,0.3865497073104507,0.5,1500.0,,,2.0
36,1.0046854285031241,1.0056941508944819,1.003026140687761,1.003026140687761,-0.0038141207182365022,0.000603213568265204,0.5,-0.008839717358571584,0.1498841246709559,-0.1,-0.3999999999999999,4.0,0.0,0.0,36.0,2.0,True,495.963274037867,500.38654970731045,-4.423275669443455,0.3865497073104507,0.5,1500.0,,,2.0
37,1.0025290568368395,1.00288460819132,1.0019714980609966,1.002262462165962,-0.003420125464189905,-0.0006383626211905469,0.5,-0.00807662878010586,0.1498841246709559,-0.1,-0.4999999999999999,4.0,0.0,0.0,37.0,2.0,True,496.34511329876653,500.38654970731045,-4.041436408543936,0.3865497073104507,0.5,1500.0,,,5.0
38,1.001971038444206,1.001971038444206,0.9992981529844805,0.9996468279786991,-0.004280699921368369,-0.0020096735352179707,0.5,-0.005463015175990398,0.09992274978063728,-0.1,-0.5999999999999999,4.0,0.0,0.0,38.0,2.0,True,497.65293039239793,500.38654970731045,-2.7336193149125108,0.3865497073104507,0.5,1000.0,,,2.0
39,0.999786381990129,0.999786381990129,0.9968582367542119,0.9968582367542119,-0.005249362193101459,-0.003205452657116803,0.5,-0.0026765781443412865,0.09992274978063728,-0.1,-0.6999999999999998,4.0,0.0,0.0,39.0,2.0,True,499.0472260046415,500.38654970731045,-1.339323702668932,0.3865497073104507,0.5,1000.0,,,2.0
40,0.9965672264667296,0.9965672264667296,0.9942914954586732,0.9949536071042491,-0.0052535118702319306,-0.0041085292384897,0.5,-0.0007734198249610779,0.09992274978063728,-0.1,-0.7999999999999998,4.0,0.0,0.0,40.0,2.0,True,499.99954082962296,500.38654970731045,-0.38700887768750575,0.3865497073104507,0.5,1000.0,,,4.0
41,0.9937063322257244,0.9937063322257244,0.9919297978529258,0.9931052473472632,-0.005203506325761276,-0.004827092908009534,0.5,0.0010735120700578673,0.1498841246709559,0.0,-0.7999999999999998,4.0,0.0,0.0,41.0,2.0,True,500.92372070811587,500.38654970731045,0.5371710008054087,0.3865497073104507,0.5,1500.0,,,1.0
42,0.9922867528306639,0.9922867528306639,0.9890302476715961,0.9907017266681724,-0.005552958001587283,-0.0052927883681191945,0.5,0.0034751760241517283,0.1498841246709559,0.0,-0.7999999999999998,4.0,0.0,0.0,42.0,2.0,True,502.1254810476613,500.38654970731045,1.7389313403508524,0.3865497073104507,0.5,1500.0,,,0.0
43,0.9902904253250285,0.991354355373231,0.9896213665459281,0.9896213665459281,-0.004526468853825905,-0.005767376115199063,0.5,0.004554701565831605,0.1498841246709559,0.0,-0.7999999999999998,4.0,0.0,0.0,43.0,2.0,True,502.6656611087834,500.38654970731045,2.279111401472961,0.3865497073104507,0.5,1500.0,,,2.0
44,0.9920075783422996,0.9920075783422996,0.9885804918870976,0.990042898515144,-0.0025042819740174194,-0.005690173705453105,0.5,0.004133495230986603,0.1498841246709559,0.0,-0.7999999999999998,4.0,0.0,0.0,44.0,2.0,True,502.45489512417544,500.38654970731045,2.0683454168650086,0.3865497073104507,0.5,1500.0,,,2.0
45,0.991059832682886,0.991801600657602,0.9886014550756138,0.991801600657602,9.719285120890486e-05,-0.005201595570460293,0.5,0.0023761516897915975,0.1498841246709559,0.0,-0.7999999999999998,4.0,0.0,0.0,45.0,2.0,True,501.57554405294644,500.38654970731045,1.188994345636013,0.3865497073104507,0.5,1500.0,,,5.0
46,0.9917949918166339,0.9923870012394578,0.9900542354230245,0.9907851831207574,-0.00022448735505387063,-0.004598724249334829,0.5,0.003391784041859416,0.09992274978063728,0.0,-0.7999999999999998,4.0,0.0,0.0,46.0,2.0,True,502.0837528213688,500.38654970731045,1.697203114058349,0.3865497073104507,0.5,1000.0,,,3.0
47,0.9911204304628932,0.9930753693161711,0.9911204304628932,0.9922937347203957,0.0014193163490624494,-0.003717167650845399,0.0,0.0,0.09958497903792753,1.0,0.20000000000000018,4.0,0.0,0.0,47.0,2.0,False,502.0837528213688,502.0837528213688,0.0,2.083752821368819,0.0,1000.0,,0.9907851831207574,1.0
48,0.9945619776184126,0.9950044877419405,0.9932585573749153,0.9950044877419405,0.0034129425249791456,-0.00233156972639903,1.0,0.00519983569847485,0.09958497903792753,0.0,0.20000000000000018,4.0,0.0,0.0,48.0,3.0,True,504.6945058429136,502.0837528213688,2.610753021544776,2.083752821368819,1.0,1000.0,0.9922937347203957,,2.0
49,0.9969885778160622,0.9988306882454538,0.9959972741981228,0.9988306882454538,0.005704256078571723,-0.0005107016164358491,1.0,0.012820477637220535,0.09958497903792753,0.0,0.20000000000000018,4.0,0.0,0.0,49.0,3.0,True,508.52070634642695,502.0837528213688,6.436953525058121,2.083752821368819,1.0,1000.0,,,4.0
50,0.9975422335980646,0.9998020674351875,0.9972765505592099,0.9998020674351875,0.005049107114964646,0.0011028899155308691,1.0,0.014755173162170659,0.1493774685568913,0.0,0.20000000000000018,4.0,0.0,0.0,50.0,3.0,True,509.49208553616063,502.0837528213688,7.408332714791788,2.083752821368819,1.0,1500.0,,,2.0
51,0.9998461707249932,1.0044237473787299,0.9998461707249932,1.0024661017439904,0.005935724576036194,0.002412984680780661,1.0,0.02006112917813981,0.1493774685568913,0.0,0.20000000000000018,4.0,0.0,0.0,51.0,3.0,True,512.1561198449635,502.0837528213688,10.072367023594698,2.083752821368819,1.0,1500.0,,,2.0
52,1.0027087693049892,1.0046505521864615,1.0013621215553237,1.0037172222649033,0.005031505239591394,0.0038380232747504683,1.0,0.02255298539512049,0.1493774685568913,0.0,0.20000000000000018,4.0,0.0,0.0,52.0,3.0,True,513.4072403658764,502.0837528213688,11.323487544507616,2.083752821368819,1.0,1500.0,,,2.0
53,1.0043042540136955,1.0083809523968388,1.0043042540136955,1.0059107660693576,0.004955543819218811,0.005040401939402694,1.0,0.02692186567082753,0.1493774685568913,0.0,0.20000000000000018,4.0,0.0,0.0,53.0,3.0,True,515.6007841703307,502.0837528213688,13.517031348961863,2.083752821368819,1.0,1500.0,,,4.0
54,1.008407787427269,1.008407787427269,1.006030877755852,1.0076596388967178,0.004595224787449448,0.005736434446153571,1.0,0.03040509494788095,0.19916995807585505,0.0,0.20000000000000018,4.0,0.0,0.0,54.0,3.0,True,517.3496569976909,502.0837528213688,15.26590417632211,2.083752821368819,1.0,2000.0,,,2.0
55,1.0078517741205968,1.0098333180218237,1.0078454220503716,1.0098333180218237,0.004935132283160337,0.005885876785890587,1.0,0.034734410750057995,0.19916995807585505,0.0,0.20000000000000018,4.0,0.0,0.0,55.0,3.0,True,519.5233361227969,502.0837528213688,17.439583301428016,2.083752821368819,1.0,2000.0,,,2.0
56,1.0109759806790164,1.0109759806790164,1.0090381975509588,1.0090381975509588,0.0026006567930001445,0.0058422902188679515,1.0,0.033150769641583755,0.19916995807585505,0.0,0.20000000000000018,4.0,0.0,0.0,56.0,3.0,True,518.7282156519319,502.0837528213688,16.644462830563075,2.083752821368819,1.0,2000.0,,,1.0
57,1.0097482623889076,1.0105495466741898,1.0096177255022891,1.009891618471899,0.0022164915926219386,0.005572374855661533,1.0,0.03485052773203072,0.19916995807585505,0.0,0.20000000000000018,4.0,0.0,0.0,57.0,3.0,True,519.581636572872,502.0837528213688,17.49788375150317,2.083752821368819,1.0,2000.0,,,2.0
58,1.0108513623739512,1.0114390108532048,1.00777832051194,1.009449414573599,0.0008189223095393938,0.004972387619373908,1.0,0.03396979041317711,0.19916995807585505,0.0,0.20000000000000018,4.0,0.0,0.0,58.0,3.0,True,519.1394326745722,502.0837528213688,17.05567985320332,2.083752821368819,1.0,2000.0,,,2.0
59,1.0080760628793706,1.0094186526369544,1.0072046412949045,1.0091572631579322,-1.4311954223078516e-05,0.004108176431008026,1.0,0.03338791256107542,0.19916995807585505,0.0,0.20000000000000018,4.0,0.0,0.0,59.0,3.0,True,518.8472812589052,502.0837528213688,16.76352843753647,2.083752821368819,1.0,2000.0,,,0.0
60,1.0077540672499579,1.008108011720482,1.0053245977112715,1.0053245977112715,-0.0034578038699761837,0.0028589937359895234,1.0,0.025754394397773484,0.19916995807585505,0.0,0.20000000000000018,4.0,0.0,0.0,60.0,3.0,True,515.0146158122445,502.0837528213688,12.930862990875747,2.083752821368819,1.0,2000.0,,,0.0
61,1.0052339267759882,1.006058260267761,1.0022458994846326,1.0022458994846326,-0.005271932340416452,0.001309823043192715,1.0,0.019622552430494763,0.19916995807585505,0.0,0.20000000000000018,4.0,0.0,0.0,61.0,3.0,True,511.9359175856057,502.0837528213688,9.852164764236882,2.083752821368819,1.0,2000.0,,,2.0
62,1.0040636757320096,1.0043594721917004,1.0004686018363624,1.0012182914078818,-0.0049962227266544534,-0.00011151331171155299,1.0,0.01757586585484601,0.19916995807585505,0.0,0.20000000000000018,4.0,0.0,0.0,62.0,3.0,True,510.90830950885487,502.0837528213688,8.82455668748604,2.083752821368819,1.0,2000.0,,,2.0
63,0.9992084801705973,1.0003358367643194,0.9989823772132833,0.9992753420958435,-0.005169792642683357,-0.0016149960703752964,1.0,0.01370609452462419,0.19916995807585505,0.0,0.20000000000000018,4.0,0.0,0.0,63.0,3.0,True,508.96536019681656,502.0837528213688,6.881607375447729,2.083752821368819,1.0,2000.0,,,3.0
64,0.9976677870204803,0.9991646995469379,0.995451516600831,0.995975564961677,-0.006223928174862836,-0.0032154995637601047,0.0,0.0,0.19647702539388942,1.0,1.2000000000000002,4.0,0.0,0.0,64.0,3.0,False,508.96536019681656,508.96536019681656,0.0,8.965360196816562,0.0,2000.0,,0.9992753420958435,1.0
65,0.9976507890635921,0.9976507890635921,0.9935421299019562,0.993684001552357,-0.0059366146499204575,-0.004775479454938947,1.0,-0.009397745294081324,0.19647702539388942,-0.1,1.1,4.0,0.0,0.0,65.0,4.0,True,504.18223337817653,508.96536019681656,-4.783126818640039,8.965360196816562,1.0,2000.0,0.995975564961677,,0.0
66,0.9936783976270387,0.9968692025371296,0.9910867702669421,0.9910867702669421,-0.006160874694613794,-0.005767378309845972,1.0,-0.019603670838446635,0.19647702539388942,-0.1,1.0,4.0,0.0,0.0,66.0,4.0,True,498.98777080734675,508.96536019681656,-9.97758938946982,8.965360196816562,1.0,2000.0,,,4.0
67,0.989648129309417,0.9916827264648176,0.989648129309417,0.9916638003977444,-0.0038201613826635006,-0.006016935022320702,1.0,-0.01733620756519323,0.24559628174236176,-0.1,0.9,4.0,0.0,0.0,67.0,4.0,True,500.1418310689512,508.96536019681656,-8.823529127865347,8.965360196816562,1.0,2500.0,,,3.0
68,0.9915841345691729,0.9915841345691729,0.9896118689676544,0.9896118689676544,-0.003937689072715633,-0.0063324780470832565,0.0,0.0,0.24992910457587197,-1.0,-0.09999999999999998,4.0,0.0,0.0,68.0,4.0,False,500.1418310689512,500.1418310689512,0.0,0.14183106895120545,0.0,2500.0,,0.9916638003977444,3.0
69,0.989930698007321,0.991237009465083,0.9880989388510126,0.9880989388510126,-0.0035878853152190304,-0.006379155286147631,0.0,0.0,0.24992910457587197,0.0,-0.09999999999999998,4.0,0.0,0.0,69.0,4.0,False,500.1418310689512,500.1418310689512,0.0,0.14183106895120545,0.0,2500.0,,,0.0
70,0.9884524026219114,0.9916826651633052,0.9881563112488888,0.9881563112488888,-0.0022273039652114246,-0.005907938961219883,0.0,0.0,0.24992910457587197,0.0,-0.09999999999999998,4.0,0.0,0.0,70.0,4.0,False,500.1418310689512,500.1418310689512,0.0,0.14183106895120545,0.0,2500.0,,,0.0
71,0.9911949712106757,0.9919107863687315,0.9898846500165057,0.9919107863687315,0.0018227070185689032,-0.0047662684260573185,0.0,0.0,0.24992910457587197,0.0,-0.09999999999999998,4.0,0.0,0.0,71.0,4.0,False,500.1418310689512,500.1418310689512,0.0,0.14183106895120545,0.0,2500.0,,,3.0
72,0.9926906652055787,0.9930492449762134,0.9914879066839708,0.9930492449762134,0.0026340865078388065,-0.0034162432465905113,0.0,0.0,0.24992910457587197,0.0,-0.09999999999999998,4.0,0.0,0.0,72.0,4.0,False,500.1418310689512,500.1418310689512,0.0,0.14183106895120545,0.0,2500.0,,,3.0
73,0.9915633385321486,0.9964366754659554,0.9915633385321486,0.9944257203532445,0.0035502418922865875,-0.0023042416597248705,0.0,0.0,0.24992910457587197,0.0,-0.09999999999999998,4.0,0.0,0.0,73.0,4.0,False,500.1418310689512,500.1418310689512,0.0,0.14183106895120545,0.0,2500.0,,,1.0
74,0.9959655639406455,0.9966016747041795,0.9958985355659158,0.9966016747041795,0.004561228620467372,-0.0007545559783287414,1.0,0.010376828241391318,0.24992910457587197,0.0,-0.09999999999999998,4.0,0.0,0.0,74.0,5.0,True,505.3317169462887,500.1418310689512,5.189885877337458,0.14183106895120545,1.0,2500.0,0.9944257203532445,,0.0
75,0.9976532324075611,0.9998552961133886,0.9976532324075611,0.9998552961133886,0.00585545715261393,0.0011565073972717999,1.0,0.02664032195004191,0.24992910457587197,0.0,-0.09999999999999998,4.0,0.0,0.0,75.0,5.0,True,513.4657704693116,500.1418310689512,13.323939400360334,0.14183106895120545,1.0,2500.0,,,2.0
76,0.9996587952078062,1.004266000818862,0.9996587952078062,1.004266000818862,0.007581213596425163,0.0031505860041685096,1.0,0.048687591501792624,0.24992910457587197,0.0,-0.09999999999999998,4.0,0.0,0.0,76.0,5.0,True,524.4925322329949,500.1418310689512,24.35070116404367,0.14183106895120545,1.0,2500.0,,,3.0
77,1.004454820761716,1.004454820761716,1.002772152017784,1.0033101351490656,0.004725456463239852,0.00424829966783169,0.0,0.0,0.23832560488100782,1.0,0.9,4.0,0.0,0.0,77.0,5.0,False,524.4925322329949,524.4925322329949,0.0,24.492532232994904,0.0,2500.0,,1.004266000818862,3.0
78,1.003498283106974,1.0080525078974936,1.003498283106974,1.0059445813634622,0.005210679946428209,0.005159371474329988,0.0,0.0,0.23832560488100782,0.0,0.9,4.0,0.0,0.0,78.0,5.0,False,524.4925322329949,524.4925322329949,0.0,24.492532232994904,0.0,2500.0,,,3.0
79,1.0064863921280456,1.0091999348571865,1.00620056726977,1.0073714574894448,0.0044799332163774075,0.006008022906054955,0.0,0.0,0.23832560488100782,0.0,0.9,4.0,0.0,0.0,79.0,5.0,False,524.4925322329949,524.4925322329949,0.0,24.492532232994904,0.0,2500.0,,,3.0
80,1.0086821174948912,1.0106132568474975,1.0085174846278127,1.0101153344589318,0.004971533560072405,0.006551677407573786,0.0,0.0,0.23832560488100782,0.0,0.9,4.0,0.0,0.0,80.0,5.0,False,524.4925322329949,524.4925322329949,0.0,24.492532232994904,0.0,2500.0,,,3.0
81,1.0090382384204006,1.0104102095957017,1.0085224994052013,1.0102194419400736,0.0033482834034335163,0.0064356597879327015,0.0,0.0,0.23832560488100782,0.0,0.9,4.0,0.0,0.0,81.0,5.0,False,524.4925322329949,524.4925322329949,0.0,24.492532232994904,0.0,2500.0,,,3.0
82,1.0095562919819574,1.0112881259962947,1.0095562919819574,1.0107606165108673,0.0028070220255596023,0.005634403631435525,0.0,0.0,0.23832560488100782,0.0,0.9,4.0,0.0,0.0,82.0,5.0,False,524.4925322329949,524.4925322329949,0.0,24.492532232994904,0.0,2500.0,,,3.0
83,1.008160746577816,1.0108945211721903,1.008160746577816,1.0087891820402555,-7.75869269171725e-05,0.005141045140673484,0.0,0.0,0.23832560488100782,0.0,0.9,4.0,0.0,0.0,83.0,5.0,False,524.4925322329949,524.4925322329949,0.0,24.492532232994904,0.0,2500.0,,,3.0
84,1.009173784259776,1.0092824158102296,1.0073626648969125,1.0075329781037752,-0.0015985236534497016,0.00419880017009544,0.0,0.0,0.23832560488100782,0.0,0.9,4.0,0.0,0.0,84.0,5.0,False,524.4925322329949,524.4925322329949,0.0,24.492532232994904,0.0,2500.0,,,3.0
85,1.0070574477165701,1.0088699846454816,1.0061486765254335,1.0061486765254335,-0.0027790284044562075,0.0030180903284113825,0.0,0.0,0.23832560488100782,0.0,0.9,4.0,0.0,0.0,85.0,5.0,False,524.4925322329949,524.4925322329949,0.0,24.492532232994904,0.0,2500.0,,,3.0
86,1.0051358560381765,1.0063195139027923,1.0028259123104888,1.0036768839948758,-0.004177745857671278,0.0013554144768439524,0.0,0.0,0.23832560488100782,0.0,0.9,4.0,0.0,0.0,86.0,5.0,False,524.4925322329949,524.4925322329949,0.0,24.492532232994904,0.0,2500.0,,,3.0
87,1.0032817967363206,1.0032817967363206,1.0005572226723147,1.0012696114425101,-0.005093379993776237,-0.0002540835501769756,0.0,0.0,0.23832560488100782,0.0,0.9,4.0,0.0,0.0,87.0,5.0,False,524.4925322329949,524.4925322329949,0.0,24.492532232994904,0.0,2500.0,,,3.0
88,1.0008723277300433,1.0021378577794935,1.000725978380659,1.001239706857893,-0.0035364663028976118,-0.001588710662258519,0.0,0.0,0.23832560488100782,0.0,0.9,4.0,0.0,0.0,88.0,5.0,False,524.4925322329949,524.4925322329949,0.0,24.492532232994904,0.0,2500.0,,,3.0
89,0.9972247208073722,0.9989296399094012,0.9972247208073722,0.9974198112541477,-0.005461466775625201,-0.0029927454686997645,0.0,0.0,0.23832560488100782,0.0,0.9,4.0,0.0,0.0,89.0,5.0,False,524.4925322329949,524.4925322329949,0.0,24.492532232994904,0.0,2500.0,,,3.0
90,0.9960989759585889,0.997590645427562,0.9920462355322137,0.9920462355322137,-0.008253918735632304,-0.004415673744689208,0.0,0.0,0.23832560488100782,0.0,0.9,4.0,0.0,0.0,90.0,5.0,False,524.4925322329949,524.4925322329949,0.0,24.492532232994904,0.0,2500.0,,,3.0
91,0.9938564510939796,0.9946152309992057,0.9931949005735611,0.9931949005735611,-0.004946291035639483,-0.005393256660344403,0.0,0.0,0.23832560488100782,0.0,0.9,4.0,0.0,0.0,91.0,5.0,False,524.4925322329949,524.4925322329949,0.0,24.492532232994904,0.0,2500.0,,,3.0
92,0.9913636489087787,0.9925596531183812,0.9904748663831853,0.9904748663831853,-0.005465988957400247,-0.005956887255980536,0.0,0.0,0.23832560488100782,0.0,0.9,4.0,0.0,0.0,92.0,5.0,False,524.4925322329949,524.4925322329949,0.0,24.492532232994904,0.0,2500.0,,,3.0
93,0.9899421940984215,0.9909324107265403,0.989202295694535,0.9909324107265403,-0.00328557782805039,-0.0060725014408477,0.0,0.0,0.23832560488100782,0.0,0.9,4.0,0.0,0.0,93.0,5.0,False,524.4925322329949,524.4925322329949,0.0,24.492532232994904,0.0,2500.0,,,0.0
94,0.9905341805733465,0.9916957007795992,0.9886527379607826,0.9913614172425678,-0.0012101897094687342,-0.006102283104376771,0.0,0.0,0.23832560488100782,0.0,0.9,4.0,0.0,0.0,94.0,5.0,False,524.4925322329949,524.4925322329949,0.0,24.492532232994904,0.0,2500.0,,,3.0
95,0.9895881970052594,0.9918305068250005,0.987644418582155,0.9918305068250005,0.00019045061115507966,-0.005620610907963286,0.0,0.0,0.23832560488100782,0.0,0.9,4.0,0.0,0.0,95.0,5.0,False,524.4925322329949,524.4925322329949,0.0,24.492532232994904,0.0,2500.0,,,3.0
96,0.9905313308465999,0.9916917821579274,0.9905313308465999,0.9908276907782236,-0.0006092746432900809,-0.004431594423165652,0.0,0.0,0.23832560488100782,0.0,0.9,4.0,0.0,0.0,96.0,5.0,False,524.4925322329949,524.4925322329949,0.0,24.492532232994904,0.0,2500.0,,,5.0
97,0.9919646011581417,0.9932522167649186,0.9909116325488412,0.9932522167649186,0.001805698644845255,-0.003347336744563112,0.0,0.0,0.19066048390480625,0.0,0.9,4.0,0.0,0.0,97.0,5.0,False,524.4925322329949,524.4925322329949,0.0,24.492532232994904,0.0,2000.0,,,0.0
98,0.9917890014132412,0.9953019719997859,0.9917890014132412,0.9953019719997859,0.003050936276945748,-0.0018449098088720861,0.0,0.0,0.19066048390480625,0.0,0.9,4.0,0.0,0.0,98.0,5.0,False,524.4925322329949,524.4925322329949,0.0,24.492532232994904,0.0,2000.0,,,5.0
99,0.9984442221516909,0.9984442221516909,0.9947582769299027,0.9954974164990593,0.002485546480799461,-0.0006030592681648406,0.0,0.0,0.14299536292860468,0.0,0.9,4.0,0.0,0.0,99.0,5.0,False,524.4925322329949,524.4925322329949,0.0,24.492532232994904,0.0,1500.0,,,4.0
100,0.9978737082513159,0.9998389337577898,0.9975148096199481,0.9987431003438885,0.004500949808741717,0.0008352717915557362,0.0,0.0,0.19066048390480625,0.0,0.9,4.0,0.0,0.0,100.0,5.0,False,524.4925322329949,524.4925322329949,0.0,24.492532232994904,0.0,2000.0,,,5.0
101,0.9996601320304936,1.0025616353171378,0.9996601320304936,1.0025616353171378,0.006530963366634945,0.0021953078683293326,0.0,0.0,0.14299536292860468,0.0,0.9,4.0,0.0,0.0,101.0,5.0,False,524.4925322329949,524.4925322329949,0.0,24.492532232994904,0.0,1500.0,,,4.0
102,1.0018291114437996,1.0050967388116236,1.0018291114437996,1.0050967388116236,0.006687892188887434,0.0034859406006119142,0.0,0.0,0.19066048390480625,0.0,0.9,4.0,0.0,0.0,102.0,5.0,False,524.4925322329949,524.4925322329949,0.0,24.492532232994904,0.0,2000.0,,,4.0
103,1.0048640671714248,1.0060280453526333,1.0027352893451327,1.0048763039870758,0.00453010949398025,0.004449838186511679,0.0,0.0,0.23832560488100782,0.0,0.9,4.0,0.0,0.0,103.0,5.0,False,524.4925322329949,524.4925322329949,0.0,24.492532232994904,0.0,2500.0,,,3.0
104,1.0076801503328336,1.0079503980782063,1.0071230396919884,1.0079503980782063,0.005496132572040624,0.005101614891663275,0.0,0.0,0.23832560488100782,0.0,0.9,4.0,0.0,0.0,104.0,5.0,False,524.4925322329949,524.4925322329949,0.0,24.492532232994904,0.0,2500.0,,,3.0
105,1.0112026033984247,1.0112026033984247,1.0086743330811079,1.0097715691029383,0.004938278162792908,0.005910710460943158,0.0,0.0,0.23832560488100782,0.0,0.9,4.0,0.0,0.0,105.0,5.0,False,524.4925322329949,524.4925322329949,0.0,24.492532232994904,0.0,2500.0,,,3.0
106,1.010436541907319,1.010436541907319,1.0066859116017366,1.009873680419188,0.003185292799825934,0.006223118542107997,0.0,0.0,0.23832560488100782,0.0,0.9,4.0,0.0,0.0,106.0,5.0,False,524.4925322329949,524.4925322329949,0.0,24.492532232994904,0.0,2500.0,,,0.0
107,1.0100450284265408,1.0116192432922366,1.009872125120807,1.0107826796316626,0.0027241179598798126,0.006013944860640219,0.0,0.0,0.23832560488100782,0.0,0.9,4.0,0.0,0.0,107.0,5.0,False,524.4925322329949,524.4925322329949,0.0,24.492532232994904,0.0,2500.0,,,0.0
108,1.009859338006484,1.0115069666780208,1.0086325694788691,1.0112578849012253,0.0021724655478421173,0.005338286365323963,0.0,0.0,0.23832560488100782,0.0,0.9,4.0,0.0,0.0,108.0,5.0,False,524.4925322329949,524.4925322329949,0.0,24.492532232994904,0.0,2500.0,,,0.0
109,1.0112316234314107,1.0112316234314107,1.0062437434863707,1.0080335504253335,-0.0015780766677593316,0.004632716299999062,0.0,0.0,0.23832560488100782,0.0,0.9,4.0,0.0,0.0,109.0,5.0,False,524.4925322329949,524.4925322329949,0.0,24.492532232994904,0.0,2500.0,,,0.0
110,1.0098360511652735,1.0098360511652735,1.0068725594749441,1.0068725594749441,-0.002559427850938212,0.003488860909858671,0.0,0.0,0.23832560488100782,0.0,0.9,4.0,0.0,0.0,110.0,5.0,False,524.4925322329949,524.4925322329949,0.0,24.492532232994904,0.0,2500.0,,,0.0
111,1.0069420065421673,1.0069420065421673,1.0031964416686996,1.004855307575686,-0.003757302828987674,0.0018896597322644038,0.0,0.0,0.23832560488100782,0.0,0.9,4.0,0.0,0.0,111.0,5.0,False,524.4925322329949,524.4925322329949,0.0,24.492532232994904,0.0,2500.0,,,0.0
112,1.0043439325328345,1.004594302697146,1.0027849850843225,1.0027849850843225,-0.0046461760978737665,0.00037138678141745984,0.0,0.0,0.23832560488100782,0.0,0.9,4.0,0.0,0.0,112.0,5.0,False,524.4925322329949,524.4925322329949,0.0,24.492532232994904,0.0,2500.0,,,0.0
113,1.0002375419505818,1.0025461858670082,0.9996489478423387,1.0025461858670082,-0.0035122263544122845,-0.0010000747251808217,0.0,0.0,0.23832560488100782,0.0,0.9,4.0,0.0,0.0,113.0,5.0,False,524.4925322329949,524.4925322329949,0.0,24.492532232994904,0.0,2500.0,,,0.0
114,0.9979556939824015,1.0004076042978511,0.9976206845959364,0.9978065236342226,-0.00600999504269728,-0.0026344503382311757,0.0,0.0,0.23832560488100782,0.0,0.9,4.0,0.0,0.0,114.0,5.0,False,524.4925322329949,524.4925322329949,0.0,24.492532232994904,0.0,2500.0,,,0.0
115,0.9976786359252012,0.9979946997608898,0.9932801204065328,0.9932801204065328,-0.008077493267253932,-0.004127006709652381,0.0,0.0,0.23832560488100782,0.0,0.9,4.0,0.0,0.0,115.0,5.0,False,524.4925322329949,524.4925322329949,0.0,24.492532232994904,0.0,2500.0,,,0.0
116,0.9950884161156374,0.9961445273572389,0.9912977067097963,0.9912977067097963,-0.007464098169798983,-0.005335091223143018,0.0,0.0,0.23832560488100782,0.0,0.9,4.0,0.0,0.0,116.0,5.0,False,524.4925322329949,524.4925322329949,0.0,24.492532232994904,0.0,2500.0,,,0.0
117,0.9926023224027016,0.9938701817949188,0.9914121049887429,0.9917481943018648,-0.004829091698760335,-0.00601766220202371,0.0,0.0,0.23832560488100782,0.0,0.9,4.0,0.0,0.0,117.0,5.0,False,524.4925322329949,524.4925322329949,0.0,24.492532232994904,0.0,2500.0,,,0.0
118,0.9888517105564912,0.991177612257668,0.9888517105564912,0.9908803007379813,-0.003712871204920143,-0.0064189946196467895,0.0,0.0,0.23832560488100782,0.0,0.9,4.0,0.0,0.0,118.0,5.0,False,524.4925322329949,524.4925322329949,0.0,24.492532232994904,0.0,2500.0,,,1.0
119,0.9908226408322379,0.9914470056929705,0.9894439126428677,0.9904947958841119,-0.002089811061640301,-0.006736902637833553,1.0,-0.0023141647594215396,0.23832560488100782,-0.1,0.8,4.0,0.0,0.0,119.0,6.0,True,523.2787700983215,524.4925322329949,-1.2137621346733627,24.492532232994904,1.0,2500.0,0.9908803007379813,,0.0
120,0.9900639238618628,0.9907434644773132,0.9874701473044614,0.9906342816578109,-0.0007549516252060018,-0.006213642696951238,1.0,-0.001649304131639668,0.23832560488100782,-0.1,0.7000000000000001,4.0,0.0,0.0,120.0,6.0,True,523.6274845325689,524.4925322329949,-0.8650477004260302,24.492532232994904,1.0,2500.0,,,0.0
121,0.9912884845915877,0.9924542756969212,0.9897154084711866,0.9910510142147778,3.3298630386813244e-05,-0.005169949044697475,1.0,0.00033705664261546954,0.23832560488100782,0.0,0.7000000000000001,4.0,0.0,0.0,121.0,6.0,True,524.6693159249862,524.4925322329949,0.1767836919913392,24.492532232994904,1.0,2500.0,,,2.0
122,0.9908892197495646,0.9948926317103394,0.9908892197495646,0.991817759775547,0.000713368680197668,-0.0038287068921226686,1.0,0.003991758633818252,0.23832560488100782,0.0,0.7000000000000001,4.0,0.0,0.0,122.0,6.0,True,526.5861798269092,524.4925322329949,2.0936475939142554,24.492532232994904,1.0,2500.0,,,2.0
123,0.9939611616178098,0.994490118909584,0.9923649503490418,0.9923649503490418,0.0011577665791631109,-0.0026850511153728718,1.0,0.006599949122085109,0.23832560488100782,0.0,0.7000000000000001,4.0,0.0,0.0,123.0,6.0,True,527.9541562606463,524.4925322329949,3.4616240276513506,24.492532232994904,1.0,2500.0,,,2.0
124,0.9955839842228796,0.9974453023579004,0.9953182541781725,0.9970484092108689,0.004813207362175498,-0.0011789850471037866,1.0,0.028923712445690232,0.23832560488100782,0.0,0.7000000000000001,4.0,0.0,0.0,124.0,6.0,True,539.662803415214,524.4925322329949,15.170271182219059,24.492532232994904,1.0,2500.0,,,2.0
125,0.9971688277538764,0.9993617070466132,0.9971688277538764,0.9993617070466132,0.0056486866708364,0.0005642067150124497,1.0,0.03995007456516395,0.23832560488100782,0.0,0.7000000000000001,4.0,0.0,0.0,125.0,6.0,True,545.4460480045747,524.4925322329949,20.953515771579806,24.492532232994904,1.0,2500.0,,,2.0
126,0.9994110567095515,1.0016197660344377,0.9981462106277628,1.0015163737731698,0.005989671378166528,0.0020687345559933235,1.0,0.050220319583635716,0.23832560488100782,0.0,0.7000000000000001,4.0,0.0,0.0,126.0,6.0,True,550.8327148209663,524.4925322329949,26.34018258797136,24.492532232994904,1.0,2500.0,,,3.0
127,1.0001908441830978,1.003327051188673,1.0001908441830978,1.0024810281032557,0.0050493233935061665,0.003206994562679366,0.0,0.0,0.2269291504238777,1.0,1.7000000000000002,4.0,0.0,0.0,127.0,6.0,False,550.8327148209663,550.8327148209663,0.0,50.832714820966316,0.0,2500.0,,1.0015163737731698,3.0
128,1.004542223947712,1.0059369505271072,1.0042421089504334,1.0059369505271072,0.00615204735876429,0.004340256036496681,0.0,0.0,0.2269291504238777,0.0,1.7000000000000002,4.0,0.0,0.0,128.0,6.0,False,550.8327148209663,550.8327148209663,0.0,50.832714820966316,0.0,2500.0,,,3.0
129,1.0075490655930168,1.0091727420667764,1.006180609861958,1.0091727420667764,0.006586540278811004,0.005689509009043192,0.0,0.0,0.2269291504238777,0.0,1.7000000000000002,4.0,0.0,0.0,129.0,6.0,False,550.8327148209663,550.8327148209663,0.0,50.832714820966316,0.0,2500.0,,,0.0
130,1.0090061249962723,1.011150253952542,1.0090061249962723,1.0101856671823715,0.00540992239915572,0.006270271467261002,0.0,0.0,0.2269291504238777,0.0,1.7000000000000002,4.0,0.0,0.0,130.0,6.0,False,550.8327148209663,550.8327148209663,0.0,50.832714820966316,0.0,2500.0,,,5.0
131,1.0082024455545906,1.0115985856819578,1.0082024455545906,1.0107454975415562,0.004072454342516352,0.006480011411631459,0.0,0.0,0.18154332033910217,0.0,1.7000000000000002,4.0,0.0,0.0,131.0,6.0,False,550.8327148209663,550.8327148209663,0.0,50.832714820966316,0.0,2000.0,,,3.0
132,1.010764878404273,1.010764878404273,1.0102378383125343,1.0102378383125343,0.00211121769026712,0.006299959113631681,0.0,0.0,0.18154332033910217,0.0,1.7000000000000002,4.0,0.0,0.0,132.0,6.0,False,550.8327148209663,550.8327148209663,0.0,50.832714820966316,0.0,2000.0,,,3.0
133,1.0090971378546638,1.0113899427190889,1.007802913728558,1.0113899427190889,0.0017785029941828068,0.006089867507578006,0.0,0.0,0.18154332033910217,0.0,1.7000000000000002,4.0,0.0,0.0,133.0,6.0,False,550.8327148209663,550.8327148209663,0.0,50.832714820966316,0.0,2000.0,,,3.0
134,1.0080726445453583,1.009730911901823,1.0078999638736619,1.0092056625111243,-0.000950562544451472,0.005185660943616277,0.0,0.0,0.18154332033910217,0.0,1.7000000000000002,4.0,0.0,0.0,134.0,6.0,False,550.8327148209663,550.8327148209663,0.0,50.832714820966316,0.0,2000.0,,,1.0
135,1.0069700593456943,1.008471997322242,1.0058708335040343,1.0058708335040343,-0.003735073457751259,0.003509852586910167,1.0,-0.012471405254883727,0.18154332033910217,-0.1,1.6,4.0,0.0,0.0,135.0,7.0,True,543.9630568067862,550.8327148209663,-6.869658014180069,50.832714820966316,1.0,2000.0,1.0092056625111243,,0.0
136,1.005395761766764,1.006868335613318,1.004482723678574,1.004482723678574,-0.00417269269924514,0.0019398357973017255,1.0,-0.017511446589071347,0.18154332033910217,-0.1,1.5,4.0,0.0,0.0,136.0,7.0,True,541.1868371558658,550.8327148209663,-9.645877665100521,50.832714820966316,1.0,2000.0,,,0.0
137,1.0042200399978543,1.0046829181611345,1.0017983056192366,1.00317770291227,-0.004216414360668219,0.0003605370369492711,1.0,-0.02224980264959794,0.18154332033910217,-0.1,1.4,4.0,0.0,0.0,137.0,7.0,True,538.5767956232576,550.8327148209663,-12.255919197708764,50.832714820966316,1.0,2000.0,,,0.0
138,1.0005974737390815,1.0028783823838714,1.000003580555749,1.000003580555749,-0.005684827091058331,-0.0012191064877298263,1.0,-0.03377461688490563,0.18154332033910217,-0.1,1.2999999999999998,4.0,0.0,0.0,138.0,7.0,True,532.2285509102157,550.8327148209663,-18.604163910750614,50.832714820966316,1.0,2000.0,,,0.0
139,1.0005203842844097,1.0005203842844097,0.9976755279793068,0.9976755279793068,-0.005727143877536811,-0.0031043839340312296,1.0,-0.04222746477793198,0.18154332033910217,-0.1,1.1999999999999997,4.0,0.0,0.0,139.0,7.0,True,527.5724457573313,550.8327148209663,-23.260269063635008,50.832714820966316,1.0,2000.0,,,3.0
140,0.9975973771343323,0.9981812300193165,0.9949470510884636,0.9949470510884636,-0.006079185531269737,-0.0045649942179211145,0.0,0.0,0.1895474276645548,-1.0,0.19999999999999973,4.0,0.0,0.0,140.0,7.0,False,527.5724457573313,527.5724457573313,0.0,27.572445757331252,0.0,2000.0,,0.9976755279793068,3.0
141,0.9940338584829481,0.995604958045254,0.9925694291815294,0.9925694291815294,-0.006239906717786514,-0.005398285531234559,0.0,0.0,0.1895474276645548,0.0,0.19999999999999973,4.0,0.0,0.0,141.0,7.0,False,527.5724457573313,527.5724457573313,0.0,27.572445757331252,0.0,2000.0,,,0.0
142,0.992629053019569,0.992629053019569,0.9908437776351099,0.991156763302846,-0.00543157920051518,-0.006033536937228745,0.0,0.0,0.1895474276645548,0.0,0.19999999999999973,4.0,0.0,0.0,142.0,7.0,False,527.5724457573313,527.5724457573313,0.0,27.572445757331252,0.0,2000.0,,,0.0
143,0.9918240601875307,0.991979221296787,0.9880563497092036,0.9880563497092036,-0.006011767260313161,-0.0066630001517103965,0.0,0.0,0.1895474276645548,0.0,0.19999999999999973,4.0,0.0,0.0,143.0,7.0,False,527.5724457573313,527.5724457573313,0.0,27.572445757331252,0.0,2000.0,,,0.0
144,0.9884680903467499,0.9918480667979886,0.9884680903467499,0.9918480667979886,-0.0008607978785681869,-0.006489771485124973,0.0,0.0,0.1895474276645548,0.0,0.19999999999999973,4.0,0.0,0.0,144.0,7.0,False,527.5724457573313,527.5724457573313,0.0,27.572445757331252,0.0,2000.0,,,3.0
145,0.9901351490226653,0.9911782163044713,0.9895529524634624,0.9898050405632699,-0.0015920762106140796,-0.006002777541479709,0.0,0.0,0.1895474276645548,0.0,0.19999999999999973,4.0,0.0,0.0,145.0,7.0,False,527.5724457573313,527.5724457573313,0.0,27.572445757331252,0.0,2000.0,,,0.0
146,0.9885803259195236,0.9925003199508471,0.9885803259195236,0.9913331111208636,0.0005383176749130802,-0.005115721586891331,0.0,0.0,0.1895474276645548,0.0,0.19999999999999973,4.0,0.0,0.0,146.0,7.0,False,527.5724457573313,527.5724457573313,0.0,27.572445757331252,0.0,2000.0,,,0.0
147,0.9895353631208736,0.991389811020463,0.9895353631208736,0.9911052760375008,0.0005545081155549081,-0.004129283988684951,0.0,0.0,0.1895474276645548,0.0,0.19999999999999973,4.0,0.0,0.0,147.0,7.0,False,527.5724457573313,527.5724457573313,0.0,27.572445757331252,0.0,2000.0,,,0.0
148,0.9903630225340044,0.9957241962762242,0.9903630225340044,0.9957241962762242,0.0044121895253820265,-0.0026381678762594785,0.0,0.0,0.1895474276645548,0.0,0.19999999999999973,4.0,0.0,0.0,148.0,7.0,False,527.5724457573313,527.5724457573313,0.0,27.572445757331252,0.0,2000.0,,,0.0
149,0.9939936256842739,0.9959988790599397,0.9939936256842739,0.9950984097775631,0.002612726348660943,-0.0007912167703073569,0.0,0.0,0.1895474276645548,0.0,0.19999999999999973,4.0,0.0,0.0,149.0,7.0,False,527.5724457573313,527.5724457573313,0.0,27.572445757331252,0.0,2000.0,,,0.0
150,0.9978191289958711,0.9978191289958711,0.9952895184622881,0.9969883358946371,0.0036459409496267803,0.0003167651342268485,0.0,0.0,0.1895474276645548,0.0,0.19999999999999973,4.0,0.0,0.0,150.0,7.0,False,527.5724457573313,527.5724457573313,0.0,27.572445757331252,0.0,2000.0,,,0.0
151,1.0002601100142685,1.0018387436523102,0.9984800251469743,1.0018387436523102,0.006490731525793159,0.001975447676316633,0.0,0.0,0.1895474276645548,0.0,0.19999999999999973,4.0,0.0,0.0,151.0,7.0,False,527.5724457573313,527.5724457573313,0.0,27.572445757331252,0.0,2000.0,,,3.0
152,1.00130666020961,1.0034945111748714,1.00130666020961,1.0034945111748714,0.0061195990393531075,0.00329005934478388,0.0,0.0,0.1895474276645548,0.0,0.19999999999999973,4.0,0.0,0.0,152.0,7.0,False,527.5724457573313,527.5724457573313,0.0,27.572445757331252,0.0,2000.0,,,3.0
153,1.00441574348346,1.0060183504316762,1.003862939149093,1.005800481525611,0.005976368475407612,0.0046366725641286965,0.0,0.0,0.1895474276645548,0.0,0.19999999999999973,4.0,0.0,0.0,153.0,7.0,False,527.5724457573313,527.5724457573313,0.0,27.572445757331252,0.0,2000.0,,,1.0
154,1.0055956770907657,1.0084515868375334,1.0055956770907657,1.0056395056937597,0.004162841073967138,0.005082328934475244,1.0,-0.0009893459522004825,0.1895474276645548,-0.1,0.09999999999999973,4.0,0.0,0.0,154.0,8.0,True,527.0504940936287,527.5724457573313,-0.5219516637025243,27.572445757331252,1.0,2000.0,1.005800481525611,,2.0
155,1.006454319034306,1.0097882709278734,1.006454319034306,1.0078516821946801,0.004249472172034752,0.005558263296871702,1.0,0.007396901353588366,0.1895474276645548,0.0,0.09999999999999973,4.0,0.0,0.0,155.0,8.0,True,531.4748470954696,527.5724457573313,3.9024013381383282,27.572445757331252,1.0,2000.0,,,5.0
156,1.0098100338668585,1.0098100338668585,1.0086737434407014,1.009462893562904,0.0037815905955476126,0.006169454011173081,1.0,0.013504920759002706,0.1421605707484161,0.0,0.09999999999999973,4.0,0.0,0.0,156.0,8.0,True,534.6972698319173,527.5724457573313,7.124824074586012,27.572445757331252,1.0,1500.0,,,5.0
157,1.0103261669940096,1.0121754865140091,1.0094376411118726,1.0094376411118726,0.002489855234589111,0.005799886875383242,1.0,0.013409190016298339,0.0947737138322774,0.0,0.09999999999999973,4.0,0.0,0.0,157.0,8.0,True,534.6467649298545,527.5724457573313,7.074319172523303,27.572445757331252,1.0,1000.0,,,5.0
158,1.0115615269565066,1.0115615269565066,1.0091846722062445,1.0091846722062445,0.0012885261570654283,0.005260616956830555,1.0,0.012450197909479889,0.0473868569161387,0.0,0.09999999999999973,4.0,0.0,0.0,158.0,8.0,True,534.1408271185984,527.5724457573313,6.568381361267117,27.572445757331252,1.0,500.0,,,5.0
159,1.0098497967546118,1.0098497967546118,1.0079897070267736,1.0084022078543344,7.244075036827446e-05,0.004252827026881345,1.0,0.00948391580660446,0.0,0.0,0.09999999999999973,4.0,0.0,0.0,159.0,8.0,True,532.5758984147782,527.5724457573313,5.003452657446927,27.572445757331252,1.0,0.0,,,0.0
160,1.0079664089066818,1.0086388247909508,1.0068044318560485,1.0086388247909508,-0.00019082882921384048,0.003676494500185923,1.0,0.010380918440154431,0.0,0.0,0.09999999999999973,4.0,0.0,0.0,160.0,8.0,True,533.0491322880109,527.5724457573313,5.476686530679653,27.572445757331252,1.0,0.0,,,0.0
161,1.0059306167262665,1.007416619188192,1.0044281975222362,1.007196353118756,-0.001524078988754729,0.0025591110424327823,1.0,0.004912582541284164,0.0,0.0,0.09999999999999973,4.0,0.0,0.0,161.0,8.0,True,530.1641889436213,527.5724457573313,2.591743186290052,27.572445757331252,1.0,0.0,,,0.0
162,1.0040532340015333,1.0042595832935415,1.0022866089274345,1.0034473942166917,-0.004270454666450263,0.0010182729578926963,1.0,-0.009299527784844197,0.0,-0.1,-2.7755575615628914e-16,4.0,0.0,0.0,162.0,8.0,True,522.6662711394928,527.5724457573313,-4.90617461783851,27.572445757331252,1.0,0.0,,,0.0
163,1.0030020794776275,1.0030020794776275,1.0000142435765051,1.0008316143598377,-0.005451896731298422,-0.0003321373930735838,1.0,-0.01921581464891292,0.0,-0.1,-0.10000000000000028,4.0,0.0,0.0,163.0,8.0,True,517.4347114257847,527.5724457573313,-10.137734331546543,27.572445757331252,1.0,0.0,,,4.0
164,1.0008408521443874,1.0008408521443874,0.997288993971076,0.9983240855810444,-0.006149327739224941,-0.0017113663644550137,1.0,-0.028721727245215337,0.0473868569161387,-0.1,-0.2000000000000003,4.0,0.0,0.0,164.0,8.0,True,512.419653868198,527.5724457573313,-15.152791889133232,27.572445757331252,1.0,500.0,,,2.0
165,0.9988620290277279,0.9988620290277279,0.9947932363510971,0.997292489681464,-0.0053293039433269795,-0.0028539867395875884,1.0,-0.0326324542283105,0.0473868569161387,-0.1,-0.30000000000000027,4.0,0.0,0.0,165.0,8.0,True,510.3564620690373,527.5724457573313,-17.215983688293935,27.572445757331252,1.0,500.0,,,0.0
166,0.9958113754725165,0.9958113754725165,0.9944502836973727,0.9944502836973727,-0.005806753078488547,-0.00428630842215183,1.0,-0.0434071108918569,0.0473868569161387,-0.1,-0.40000000000000024,4.0,0.0,0.0,166.0,8.0,True,504.6720501008546,527.5724457573313,-22.900395656476636,27.572445757331252,1.0,500.0,,,5.0
167,0.9932663226886572,0.994074980953394,0.9905492301599316,0.9923031010805424,-0.005471727022283268,-0.005472802002342569,1.0,-0.051546969726781224,0.0,-0.1,-0.5000000000000002,4.0,0.0,0.0,167.0,8.0,True,500.37768486719415,527.5724457573313,-27.194760890137083,27.572445757331252,1.0,0.0,,,4.0
168,0.9918965101290185,0.9920284833309307,0.9894472605009822,0.9894472605009822,-0.005994211982558562,-0.006138188199800609,1.0,-0.06237331444029509,0.0473868569161387,-0.1,-0.6000000000000002,4.0,0.0,0.0,168.0,8.0,True,494.66600370807373,527.5724457573313,-32.90644204925755,27.572445757331252,1.0,500.0,,,4.0
169,0.9902970008066602,0.9911790690156125,0.9895728182986916,0.9895728182986916,-0.003992188174658184,-0.006359252308893115,1.0,-0.06189733128871423,0.0947737138322774,-0.1,-0.7000000000000002,4.0,0.0,0.0,169.0,8.0,True,494.9171193034925,527.5724457573313,-32.655326453838754,27.572445757331252,1.0,1000.0,,,4.0
170,0.9897850375663912,0.9909831090778621,0.9895071079507656,0.9901642976192967,-0.0020407441937617676,-0.00613418575360547,1.0,-0.059655063613964714,0.1421605707484161,-0.1,-0.8000000000000002,4.0,0.0,0.0,170.0,8.0,True,496.1000779447027,527.5724457573313,-31.472367812628544,27.572445757331252,1.0,1500.0,,,4.0
171,0.9882006115606722,0.990612845932438,0.9882006115606722,0.9895917972997222,-0.0013297957830458174,-0.005850100271011516,1.0,-0.06182538287221418,0.1895474276645548,-0.1,-0.9000000000000001,4.0,0.0,0.0,171.0,8.0,True,494.9550773055538,527.5724457573313,-32.61736845177745,27.572445757331252,1.0,2000.0,,,4.0
172,0.9924973237111934,0.9928956015100319,0.9914923203620584,0.9928956015100319,0.002233122125153919,-0.004797278695491625,1.0,-0.049300831080783876,0.2369342845806935,-0.1,-1.0000000000000002,4.0,0.0,0.0,172.0,8.0,True,501.5626857261731,527.5724457573313,-26.0097600311582,27.572445757331252,1.0,2500.0,,,4.0
173,0.9938730374003377,0.9942609325374229,0.9917740037698928,0.9942609325374229,0.0032721479097315154,-0.003393021737567059,1.0,-0.0441249313977325,0.2843211414968322,-0.1,-1.1000000000000003,4.0,0.0,0.0,173.0,8.0,True,504.29334778095506,527.5724457573313,-23.279097976376192,27.572445757331252,1.0,3000.0,,,4.0
174,0.9960296509596925,0.9972612642371719,0.9931176762625954,0.9962075902562406,0.004092084002672913,-0.0016629831149863605,1.0,-0.036745252134827426,0.3317079984129709,-0.1,-1.2000000000000004,4.0,0.0,0.0,174.0,8.0,True,508.1866632185905,527.5724457573313,-19.385782538740703,27.572445757331252,1.0,3500.0,,,4.0
175,0.9950810811653201,0.9994438719597223,0.9950810811653201,0.9981521351415482,0.0046067427475045,-9.807039653031424e-06,1.0,-0.029373582515060986,0.3790948553291096,-0.1,-1.3000000000000005,4.0,0.0,0.0,175.0,8.0,True,512.0757529892057,527.5724457573313,-15.496692768125506,27.572445757331252,1.0,4000.0,,,4.0
176,0.9998650565722201,1.0023579809342065,0.9988894923455691,1.0023579809342065,0.006780307987677703,0.0016863155667352636,1.0,-0.013429437492017726,0.4264817122452483,-0.1,-1.4000000000000006,4.0,0.0,0.0,176.0,8.0,True,520.4874445745222,527.5724457573313,-7.085001182808992,27.572445757331252,1.0,4500.0,,,4.0
177,1.0007794473339438,1.0041197870614904,1.0007794473339438,1.0041197870614904,0.006120782488000298,0.0035387057453609705,1.0,-0.006750521102611293,0.473868569161387,-0.1,-1.5000000000000007,4.0,0.0,0.0,177.0,8.0,True,524.0110568290901,527.5724457573313,-3.5613889282411164,27.572445757331252,1.0,5000.0,,,5.0
178,1.0039212361977587,1.0049441670450951,1.0039212361977587,1.0049441670450951,0.004937068215761231,0.004672309722227763,1.0,-0.0036253389964027677,0.4264817122452483,-0.1,-1.6000000000000008,4.0,0.0,0.0,178.0,8.0,True,525.6598167962997,527.5724457573313,-1.912628961031637,27.572445757331252,1.0,4500.0,,,0.0
179,1.0054170264156068,1.0069285851556675,1.0054170264156068,1.0066309911544862,0.004562215888975096,0.005539995318909585,1.0,0.0027693244207496887,0.4264817122452483,0.0,-1.6000000000000008,4.0,0.0,0.0,179.0,8.0,True,529.0334650150817,527.5724457573313,1.461019257750418,27.572445757331252,1.0,4500.0,,,5.0
180,1.008012912265357,1.0097509016447976,1.0072233571210607,1.008618894446714,0.004481568482790577,0.006010909855177715,1.0,0.010305363530503524,0.3790948553291096,0.0,-1.6000000000000008,4.0,0.0,0.0,180.0,8.0,True,533.0092715995374,527.5724457573313,5.43682584220615,27.572445757331252,1.0,4000.0,,,5.0
181,1.0087567155894148,1.0099657302042735,1.0084979990633907,1.0099657302042735,0.003859471729895869,0.0062804330401667885,1.0,0.01541114859714424,0.3317079984129709,0.0,-1.6000000000000008,4.0,0.0,0.0,181.0,8.0,True,535.7029431146563,527.5724457573313,8.130497357325051,27.572445757331252,1.0,3500.0,,,5.0
182,1.0082100597855932,1.010373678048432,1.008193172864099,1.008193172864099,0.0011143824014057113,0.005750558758082169,1.0,0.008691474912783966,0.2843211414968322,0.0,-1.6000000000000008,4.0,0.0,0.0,182.0,8.0,True,532.1578284343071,527.5724457573313,4.585382676975924,27.572445757331252,1.0,3000.0,,,5.0
183,1.0081286395211997,1.0112887616461967,1.0081286395211997,1.0112887616461967,0.003015142086052469,0.00513730749332697,1.0,0.02042669272786182,0.2369342845806935,0.0,-1.6000000000000008,4.0,0.0,0.0,183.0,8.0,True,538.3490059985028,527.5724457573313,10.776560241171552,27.572445757331252,1.0,2500.0,,,5.0
184,1.0090451522363437,1.0099807254107989,1.0077977457267144,1.0088038177807586,-0.00011307690199635623,0.004454897926710277,1.0,0.011006398376169355,0.1895474276645548,0.0,-1.6000000000000008,4.0,0.0,0.0,184.0,8.0,True,533.3791182676264,527.5724457573313,5.8066725102951855,27.572445757331252,1.0,2000.0,,,4.0
185,1.0077161574854556,1.0077161574854556,1.0066896276120094,1.0076100089519027,-0.0014700553637549962,0.0035056445250731816,1.0,0.0064807305235119765,0.2369342845806935,0.0,-1.6000000000000008,4.0,0.0,0.0,185.0,8.0,True,530.9915006099146,527.5724457573313,3.419054852583403,27.572445757331252,1.0,2500.0,,,4.0
186,1.0056763595616307,1.007066209543105,1.004164689321746,1.004164689321746,-0.00417300747308369,0.002100185415452982,1.0,-0.006580298944056004,0.2843211414968322,-0.1,-1.7000000000000008,4.0,0.0,0.0,186.0,8.0,True,524.1008613496012,527.5724457573313,-3.4715844077300106,27.572445757331252,1.0,3000.0,,,4.0
187,1.0054066803190047,1.0060906938774385,1.0028273455414431,1.0030187786652411,-0.004161092873083083,0.0005368065319730775,1.0,-0.010924387289533813,0.3317079984129709,-0.1,-1.800000000000001,4.0,0.0,0.0,187.0,8.0,True,521.8090400365916,527.5724457573313,-5.763405720739656,27.572445757331252,1.0,3500.0,,,2.0
188,1.0028326697611778,1.0028326697611778,1.0002677030235276,1.0002677030235276,-0.005591256874701411,-0.0006099152822320875,1.0,-0.021353573513482004,0.3317079984129709,-0.1,-1.900000000000001,4.0,0.0,0.0,188.0,8.0,True,516.3068887531646,527.5724457573313,-11.26555700416667,27.572445757331252,1.0,3500.0,,,5.0
189,1.0012939092175188,1.0012939092175188,0.9984103942348316,0.9985201531414581,-0.0052107053393143365,-0.0022713805396858966,1.0,-0.027978445210717354,0.2843211414968322,-0.1,-2.000000000000001,4.0,0.0,0.0,189.0,8.0,True,512.8117889890256,527.5724457573313,-14.760656768305646,27.572445757331252,1.0,3000.0,,,4.0
190,0.9999172630387091,0.9999172630387091,0.9951702864196389,0.9951702864196389,-0.0062883168342803275,-0.0037291457144179585,1.0,-0.04067761761351603,0.3317079984129709,-0.1,-2.100000000000001,4.0,0.0,0.0,190.0,8.0,True,506.1120555453871,527.5724457573313,-21.460390211944148,27.572445757331252,1.0,3500.0,,,4.0
191,0.9945603267370093,0.9957947022768746,0.9917948253857397,0.9917948253857397,-0.0070279139404856306,-0.0051286624947161075,1.0,-0.053473816736666596,0.3790948553291096,-0.1,-2.200000000000001,4.0,0.0,0.0,191.0,8.0,True,499.36113347758874,527.5724457573313,-28.21131227974251,27.572445757331252,1.0,4000.0,,,4.0
192,0.9946720691522638,0.9946720691522638,0.9901418205156158,0.9907982754930625,-0.005796728195049061,-0.005871346553358969,1.0,-0.05725168611059351,0.4264817122452483,-0.1,-2.300000000000001,4.0,0.0,0.0,192.0,8.0,True,497.3680336922344,527.5724457573313,-30.20441206509685,27.572445757331252,1.0,4500.0,,,4.0
193,0.9905466689727228,0.9915617462863959,0.9902017378842057,0.9902017378842057,-0.004257092340399948,-0.006360520656859214,1.0,-0.05951312949587295,0.473868569161387,-0.1,-2.4000000000000012,4.0,0.0,0.0,193.0,8.0,True,496.1749584745208,527.5724457573313,-31.397487282810463,27.572445757331252,1.0,5000.0,,,4.0
194,0.990838959611834,0.991301799756993,0.9890397328504784,0.991301799756993,-0.0016627132565236735,-0.006447223442356265,1.0,-0.05534285153069956,0.5212554260775256,-0.1,-2.5000000000000013,4.0,0.0,0.0,194.0,8.0,True,498.37508222009524,527.5724457573313,-29.19736353723603,27.572445757331252,1.0,5500.0,,,4.0
195,0.9888121292853492,0.9909105411911907,0.9887389222945222,0.9906778263741493,-0.0009796321781492257,-0.006036699964237058,1.0,-0.05770830252368304,0.5686422829936644,-0.1,-2.6000000000000014,4.0,0.0,0.0,195.0,8.0,True,497.12713545440783,527.5724457573313,-30.44531030292343,27.572445757331252,1.0,6000.0,,,4.0
196,0.9903245808665685,0.9903245808665685,0.9886131612851492,0.9902879374773654,-0.0005557962512208192,-0.005307434762666485,1.0,-0.05918635127288992,0.616029139909803,-0.1,-2.7000000000000015,4.0,0.0,0.0,196.0,8.0,True,496.3473576608402,527.5724457573313,-31.22508809649107,27.572445757331252,1.0,6500.0,,,4.0
197,0.990885762985476,0.991362228916349,0.9903681479168155,0.9903681479168155,-0.00023780623361679964,-0.0041083925878965255,1.0,-0.058882277623497896,0.6634159968259418,-0.1,-2.8000000000000016,4.0,0.0,0.0,197.0,8.0,True,496.5077785397403,527.5724457573313,-31.064667217590962,27.572445757331252,1.0,7000.0,,,4.0
198,0.9930110100117104,0.9944401708090045,0.9922436508215451,0.9944401708090045,0.0032272341059153,-0.002691033492511208,1.0,-0.04344544833138578,0.7108028537420804,-0.1,-2.9000000000000017,4.0,0.0,0.0,198.0,8.0,True,504.6518243241183,527.5724457573313,-22.92062143321296,27.572445757331252,1.0,7500.0,,,1.0
199,0.9944015454087985,0.9965821748327782,0.9944015454087985,0.9962026266380796,0.003989541809344854,-0.0011228726979356507,1.0,-0.036764068955914136,0.7108028537420804,-0.1,-3.0000000000000018,4.0,0.0,0.0,199.0,8.0,True,508.17673598226844,527.5724457573313,-19.395709775062798,27.572445757331252,1.0,7500.0,,,1.0
200,0.9964624716757147,0.9990951998829497,0.9964624716757147,0.9990951998829497,0.005583215033222233,0.00027373591810531117,1.0,-0.025798472597985175,0.7108028537420804,-0.1,-3.100000000000002,4.0,0.0,0.0,200.0,8.0,True,513.9618824720087,527.5724457573313,-13.610563285322531,27.572445757331252,1.0,7500.0,,,1.0
201,0.9992161091337339,1.002522274985077,0.9980777117970628,1.0017965427902533,0.006431438537841783,0.0018538228500565301,1.0,-0.015557820611599365,0.7108028537420804,-0.1,-3.200000000000002,4.0,0.0,0.0,201.0,8.0,True,519.364568286616,527.5724457573313,-8.207877470715296,27.572445757331252,1.0,7500.0,,,1.0
202,1.0004207409743333,1.004323791676814,1.0004207409743333,1.0013648860292579,0.004153623684864383,0.0031837643079035693,1.0,-0.017194209185213333,0.7108028537420804,-0.1,-3.300000000000002,4.0,0.0,0.0,202.0,8.0,True,518.5012547646251,527.5724457573313,-9.071190992706168,27.572445757331252,1.0,7500.0,,,1.0
203,1.0021403216961875,1.005599735472621,1.0021403216961875,1.0049012908498365,0.005267838016606241,0.0045137493413988095,1.0,-0.00378788044678924,0.7108028537420804,-0.1,-3.400000000000002,4.0,0.0,0.0,203.0,8.0,True,525.5740644057822,527.5724457573313,-1.9983813515489721,27.572445757331252,1.0,7500.0,,,1.0
204,1.0070125832658225,1.0077489290988275,1.0050926886953284,1.0077489290988275,0.005897349883960068,0.005319321255888965,1.0,0.007007369653519714,0.7108028537420804,0.0,-3.400000000000002,4.0,0.0,0.0,204.0,8.0,True,531.2693409037644,527.5724457573313,3.6968951464330986,27.572445757331252,1.0,7500.0,,,1.0
205,1.008900591431321,1.0093971336806824,1.0071333427315912,1.0093971336806824,0.0053464699587144615,0.00591878944661639,1.0,0.01325562842863024,0.7108028537420804,0.0,-3.400000000000002,4.0,0.0,0.0,205.0,8.0,True,534.5657500674741,527.5724457573313,6.993304310142865,27.572445757331252,1.0,7500.0,,,1.0
206,1.009201866994668,1.011372705756628,1.0089247648626751,1.0106695349670698,0.004689815397748598,0.0062338673597965855,1.0,0.018079236244466255,0.7108028537420804,0.0,-3.400000000000002,4.0,0.0,0.0,206.0,8.0,True,537.1105526402489,527.5724457573313,9.538106882917651,27.572445757331252,1.0,7500.0,,,1.0
207,1.0109485380677872,1.0109485380677872,1.0095615816350305,1.0096520827333146,0.0023631065068165924,0.005961935987043088,1.0,0.014222127170869354,0.7108028537420804,0.0,-3.400000000000002,4.0,0.0,0.0,207.0,8.0,True,535.0756481727386,527.5724457573313,7.50320241540734,27.572445757331252,1.0,7500.0,,,1.0
208,1.0102054575588757,1.0106144133063348,1.0092632224464522,1.0092632224464522,0.0006578568170882981,0.005697051642485018,1.0,0.012747977828955717,0.7108028537420804,0.0,-3.400000000000002,4.0,0.0,0.0,208.0,8.0,True,534.2979275990136,527.5724457573313,6.725481841682401,27.572445757331252,1.0,7500.0,,,1.0
209,1.010068122231769,1.0122063790039895,1.00851769416,1.0094606931955874,9.542717526511701e-05,0.004865906593545688,1.0,0.013496579279707233,0.7108028537420804,0.0,-3.400000000000002,4.0,0.0,0.0,209.0,8.0,True,534.6928690972841,527.5724457573313,7.120423339952865,27.572445757331252,1.0,7500.0,,,1.0
210,1.0084109329998279,1.0089100426352895,1.007482079761776,1.0085460569607765,-0.000952063703204109,0.00382327072455646,1.0,0.01002924036856317,0.7108028537420804,0.0,-3.400000000000002,4.0,0.0,0.0,210.0,8.0,True,532.8635966276623,527.5724457573313,5.2911508703310295,27.572445757331252,1.0,7500.0,,,4.0
211,1.0072908558509932,1.0072908558509932,1.0033286112732285,1.0033286112732285,-0.005158088989509757,0.002218018270385036,1.0,-0.00974982781252181,0.7581897106582192,-0.1,-3.500000000000002,4.0,0.0,0.0,211.0,8.0,True,522.4287052525663,527.5724457573313,-5.143740504764982,27.572445757331252,1.0,8000.0,,,1.0
212,1.0053850510959335,1.0053850510959335,1.002997112881278,1.0031757763880857,-0.004061964111488514,0.0006290104651265338,1.0,-0.010329216999246042,0.7581897106582192,-0.1,-3.6000000000000023,4.0,0.0,0.0,212.0,8.0,True,522.1230354822808,527.5724457573313,-5.449410275050437,27.572445757331252,1.0,8000.0,,,1.0
213,1.0040407030251202,1.0040407030251202,1.000905784146656,1.0019279928805076,-0.00402239931026549,-0.0006692920178623663,1.0,-0.015059500082119915,0.7581897106582192,-0.1,-3.7000000000000024,4.0,0.0,0.0,213.0,8.0,True,519.6274684671246,527.5724457573313,-7.944977290206735,27.572445757331252,1.0,8000.0,,,1.0
214,0.9999346617428563,1.0012161267895026,0.9991615124609906,0.9991615124609906,-0.005105261398872352,-0.002169295884750344,1.0,-0.025547085026195994,0.7581897106582192,-0.1,-3.8000000000000025,4.0,0.0,0.0,214.0,8.0,True,514.0945076280906,527.5724457573313,-13.477938129240716,27.572445757331252,1.0,8000.0,,,0.0
215,0.9996627751033533,0.9996627751033533,0.9953574248099395,0.9953574248099395,-0.006558804318982148,-0.003724518445699987,1.0,-0.03996818560354075,0.7581897106582192,-0.1,-3.9000000000000026,4.0,0.0,0.0,215.0,8.0,True,506.4863323259883,527.5724457573313,-21.086113431342948,27.572445757331252,1.0,8000.0,,,3.0
216,0.9969860986413049,0.9969860986413049,0.9932791676706711,0.9933444212686365,-0.006038201911595098,-0.005057748741874146,0.0,0.0,0.7897547761319434,-1.0,-4.900000000000002,4.0,0.0,0.0,216.0,8.0,False,506.4863323259883,506.4863323259883,0.0,6.4863323259883146,0.0,8000.0,,0.9953574248099395,5.0
217,0.9941838214112054,0.9941838214112054,0.9914440626477464,0.9932657770014814,-0.004439707133458981,-0.005390608063898572,0.0,0.0,0.740395102623697,0.0,-4.900000000000002,4.0,0.0,0.0,217.0,8.0,False,506.4863323259883,506.4863323259883,0.0,6.4863323259883146,0.0,7500.0,,,1.0
218,0.9921649756421357,0.9921649756421357,0.9900404282223956,0.9900404282223956,-0.005475831218263116,-0.005860740529457398,1.0,-0.04924143901101734,0.740395102623697,-0.1,-5.000000000000002,4.0,0.0,0.0,218.0,9.0,True,481.54621648284433,506.4863323259883,-24.940115843144014,6.4863323259883146,1.0,7500.0,0.9932657770014814,,5.0
219,0.9921025693398858,0.9921025693398858,0.988692906919252,0.9913655558034535,-0.0023902974576962555,-0.00609726946481115,1.0,-0.029619079583679323,0.6910354291154505,-0.1,-5.100000000000001,4.0,0.0,0.0,219.0,9.0,True,491.484673340779,506.4863323259883,-15.001658985209302,6.4863323259883146,1.0,7000.0,,,0.0
220,0.9905603929038801,0.9919052122668344,0.9884979494330121,0.9919052122668344,-0.0006412576286226601,-0.005860151982202355,1.0,-0.02162789953195146,0.6910354291154505,-0.1,-5.200000000000001,4.0,0.0,0.0,220.0,9.0,True,495.53209681613527,506.4863323259883,-10.954235509853055,6.4863323259883146,1.0,7000.0,,,5.0
221,0.9907124590941123,0.9910169240120608,0.9879430455266249,0.9879430455266249,-0.00336769448827956,-0.005302744557008188,1.0,-0.08029927653654279,0.641675755607204,-0.1,-5.300000000000001,4.0,0.0,0.0,221.0,9.0,True,465.81584626456447,506.4863323259883,-40.670486061423844,6.4863323259883146,1.0,6500.0,,,1.0
222,0.9909280433580734,0.9917111403966187,0.990486705742018,0.9917111403966187,0.0006726138603838638,-0.004172048321998023,1.0,-0.024501696777245906,0.641675755607204,-0.1,-5.4,4.0,0.0,0.0,222.0,9.0,True,494.07655778951755,506.4863323259883,-12.409774536470767,6.4863323259883146,1.0,6500.0,,,1.0
223,0.9920598380811032,0.9935837977442369,0.9915762598757077,0.9935837977442369,0.002492267750876076,-0.0033069770707893076,1.0,0.003228429804130212,0.641675755607204,0.0,-5.4,4.0,0.0,0.0,223.0,9.0,True,508.1214878966541,506.4863323259883,1.63515557066582,6.4863323259883146,1.0,6500.0,,,1.0
224,0.9923414420110356,0.9960389295003826,0.9923414420110356,0.9946218288688639,0.0027667321010916845,-0.0018305813364428714,1.0,0.018599493025025757,0.641675755607204,0.0,-5.4,4.0,0.0,0.0,224.0,9.0,True,515.9067213313564,506.4863323259883,9.420389005368097,6.4863323259883146,1.0,6500.0,,,1.0
225,0.9950245413648328,0.9965711099322405,0.995004068391254,0.9962505626614135,0.0035812980839813324,-0.0005432943418584024,1.0,0.04271762349465591,0.641675755607204,0.0,-5.4,4.0,0.0,0.0,225.0,9.0,True,528.122224775479,506.4863323259883,21.63589244949074,6.4863323259883146,1.0,6500.0,,,5.0
226,0.9978720112194384,1.0012482777643188,0.9971998985113045,0.9991765113667639,0.005295363606010017,0.0006673389326486978,1.0,0.08604478533404675,0.5923160820989576,0.0,-5.4,4.0,0.0,0.0,226.0,9.0,True,550.0668400656066,506.4863323259883,43.58050773961833,6.4863323259883146,1.0,6000.0,,,5.0
227,0.9995388836360313,1.0034568598205513,0.9995388836360313,1.0034568598205513,0.006990076344142948,0.002578021730752389,1.0,0.14942776598818946,0.5429564085907111,0.0,-5.4,4.0,0.0,0.0,227.0,9.0,True,582.1694534690124,506.4863323259883,75.68312114302414,6.4863323259883146,1.0,5500.0,,,5.0
228,1.0019479263397664,1.0047276380838603,1.0019479263397664,1.004126072727067,0.005590133862250601,0.003748706164291349,1.0,0.15933740516012654,0.49359673508246465,0.0,-5.4,4.0,0.0,0.0,228.0,9.0,True,587.1885502678808,506.4863323259883,80.7022179418925,6.4863323259883146,1.0,5000.0,,,0.0
229,1.0058627803298805,1.0073515676830929,1.0054307025991382,1.0073515676830929,0.006521000495133711,0.004869518597299671,1.0,0.2071002185397047,0.49359673508246465,0.0,-5.4,4.0,0.0,0.0,229.0,9.0,True,611.379762438074,506.4863323259883,104.89343011208568,6.4863323259883146,1.0,5000.0,,,5.0
230,1.0071434730167985,1.0097397690577106,1.006941735589402,1.0087162561205085,0.005536617723941761,0.005662270814397852,1.0,0.22730839125309948,0.44423706157421816,0.0,-5.4,4.0,0.0,0.0,230.0,9.0,True,621.6149257186914,506.4863323259883,115.12859339270312,6.4863323259883146,1.0,4500.0,,,5.0
231,1.0087837528677597,1.009744078642979,1.0075898178775091,1.009744078642979,0.004315520916151394,0.006379646574698139,1.0,0.24252828649316885,0.3948773880659717,0.0,-5.4,4.0,0.0,0.0,231.0,9.0,True,629.3235946372199,506.4863323259883,122.83726231123163,6.4863323259883146,1.0,4000.0,,,3.0
232,1.0095071573523156,1.0107433392759468,1.0091475262500627,1.0104914512187866,0.0031770701832884995,0.006716616637372663,0.0,0.0,0.31780152802834616,1.0,-4.4,4.0,0.0,0.0,232.0,9.0,False,629.3235946372199,629.3235946372199,0.0,129.3235946372199,0.0,4000.0,,1.009744078642979,4.0
233,1.0114448582130304,1.0114448582130304,1.0090848437586306,1.009665044245353,0.001315965805721353,0.00594114748161223,0.0,0.0,0.35752671903188943,0.0,-4.4,4.0,0.0,0.0,233.0,9.0,False,629.3235946372199,629.3235946372199,0.0,129.3235946372199,0.0,4500.0,,,4.0
234,1.0115423922546347,1.0115423922546347,1.0088640007378815,1.0100148618626248,0.000684318567066855,0.005397302215371491,0.0,0.0,0.3972519100354327,0.0,-4.4,4.0,0.0,0.0,234.0,9.0,False,629.3235946372199,629.3235946372199,0.0,129.3235946372199,0.0,5000.0,,,4.0
235,1.0073173454152866,1.007964576760355,1.0071503564854412,1.00727822577567,-0.00204009386865045,0.0042438762281813425,0.0,0.0,0.43697710103897597,0.0,-4.4,4.0,0.0,0.0,235.0,9.0,False,629.3235946372199,629.3235946372199,0.0,129.3235946372199,0.0,5500.0,,,4.0
236,1.007438915303734,1.007438915303734,1.0052423716807077,1.0052423716807077,-0.003496967223646008,0.002779850253894045,0.0,0.0,0.47670229204251924,0.0,-4.4,4.0,0.0,0.0,236.0,9.0,False,629.3235946372199,629.3235946372199,0.0,129.3235946372199,0.0,6000.0,,,4.0
237,1.00339776568486,1.0056942405656817,1.00339776568486,1.0048645186295497,-0.0030615602725658775,0.0012487605876447816,0.0,0.0,0.5164274830460625,0.0,-4.4,4.0,0.0,0.0,237.0,9.0,False,629.3235946372199,629.3235946372199,0.0,129.3235946372199,0.0,6500.0,,,4.0
238,1.0017567224643964,1.0023006149198654,1.0011161473062602,1.0013756206728912,-0.005031153138241651,-0.00045380361218194665,0.0,0.0,0.5561526740496058,0.0,-4.4,4.0,0.0,0.0,238.0,9.0,False,629.3235946372199,629.3235946372199,0.0,129.3235946372199,0.0,7000.0,,,4.0
239,1.001149536900296,1.0019049432025082,0.9969346234579053,0.9976801449612959,-0.006729145635827494,-0.0019698939212535738,0.0,0.0,0.595877865053149,0.0,-4.4,4.0,0.0,0.0,239.0,9.0,False,629.3235946372199,629.3235946372199,0.0,129.3235946372199,0.0,7500.0,,,4.0
240,0.999018172544337,0.999018172544337,0.9971881513466723,0.9977959185529798,-0.0045768814925361,-0.0034788716250204743,0.0,0.0,0.6356030560566923,0.0,-4.4,4.0,0.0,0.0,240.0,9.0,False,629.3235946372199,629.3235946372199,0.0,129.3235946372199,0.0,8000.0,,,4.0
241,0.9956795204379576,0.9965080033714262,0.9926091013931254,0.9926091013931254,-0.007318844588633189,-0.004695186831280451,0.0,0.0,0.6753282470602355,0.0,-4.4,4.0,0.0,0.0,241.0,9.0,False,629.3235946372199,629.3235946372199,0.0,129.3235946372199,0.0,8500.0,,,0.0
242,0.9945288934854728,0.9945288934854728,0.9908197849757319,0.9908197849757319,-0.006704396555197389,-0.0056075786867115784,0.0,0.0,0.6753282470602355,0.0,-4.4,4.0,0.0,0.0,242.0,9.0,False,629.3235946372199,629.3235946372199,0.0,129.3235946372199,0.0,8500.0,,,0.0
243,0.9920754144936428,0.9925769743435195,0.9899891128622899,0.9899891128622899,-0.005055834374096069,-0.006440565832864231,0.0,0.0,0.6753282470602355,0.0,-4.4,4.0,0.0,0.0,243.0,9.0,False,629.3235946372199,629.3235946372199,0.0,129.3235946372199,0.0,8500.0,,,0.0
244,0.9914823444673853,0.9914823444673853,0.9884060457701855,0.9884060457701855,-0.0044773056490827745,-0.006761711195931608,0.0,0.0,0.6753282470602355,0.0,-4.4,4.0,0.0,0.0,244.0,9.0,False,629.3235946372199,629.3235946372199,0.0,129.3235946372199,0.0,8500.0,,,2.0
245,0.9902146208127168,0.9902146208127168,0.9883632610121937,0.9883632610121937,-0.002967276415557496,-0.006539376584685397,0.5,-0.0007727813818105191,0.6753282470602355,-0.1,-4.5,4.0,0.0,0.0,245.0,10.0,True,628.8372650801502,629.3235946372199,-0.4863295570697138,129.3235946372199,0.5,8500.0,0.9884060457701855,,4.0
246,0.9899513180468648,0.991838013839541,0.9895667047208833,0.991838013839541,0.0015004605306961905,-0.006017623368334779,0.5,-0.047704756099010384,0.7150534380637789,-0.1,-4.6,4.0,0.0,0.0,246.0,10.0,True,599.3018660476988,629.3235946372199,-30.021728589521054,129.3235946372199,0.5,9000.0,,,1.0
247,0.9899325736046668,0.9928236126539265,0.9885420696450148,0.9918635796893145,0.0016502799977715643,-0.0048573231451070065,0.5,-0.04805006290925371,0.7150534380637789,-0.1,-4.699999999999999,4.0,0.0,0.0,247.0,10.0,True,599.0845563246238,629.3235946372199,-30.239038312596097,129.3235946372199,0.5,9000.0,,,1.0
248,0.9928823103837805,0.9928823103837805,0.9913542831296013,0.9928019280350131,0.0022582711669232314,-0.003490262331418692,0.5,-0.060723925777904045,0.7150534380637789,-0.1,-4.799999999999999,4.0,0.0,0.0,248.0,10.0,True,591.1085953861856,629.3235946372199,-38.214999251034314,129.3235946372199,0.5,9000.0,,,1.0
249,0.9918328780845103,0.9949551041464995,0.9914568422248196,0.9949551041464995,0.0035837820643745966,-0.0018368125771296429,0.5,-0.08980593875754514,0.7150534380637789,-0.1,-4.899999999999999,4.0,0.0,0.0,249.0,10.0,True,572.8065984385515,629.3235946372199,-56.51699619866833,129.3235946372199,0.5,9000.0,,,1.0
250,0.9940209483906904,0.9968575689771421,0.9940209483906904,0.9961990300386038,0.00352887724507589,-0.00010659931286927105,0.5,-0.10660710460129805,0.7150534380637789,-0.1,-4.999999999999998,4.0,0.0,0.0,250.0,10.0,True,562.2332283556649,629.3235946372199,-67.09036628155499,129.3235946372199,0.5,9000.0,,,2.0
251,0.9977127084043131,0.9996680980762822,0.9977127084043131,0.9996680980762822,0.005113805772072988,0.0016118774382297696,0.5,-0.15346229733765943,0.7150534380637789,-0.1,-5.099999999999998,4.0,0.0,0.0,251.0,10.0,True,532.7461500353982,629.3235946372199,-96.5774446018217,129.3235946372199,0.5,9000.0,,,2.0
252,1.0018590579023965,1.002129229440158,1.0010184715606791,1.0012925964489705,0.005162540376522973,0.002896251381802273,0.5,-0.17540369010525528,0.7150534380637789,-0.1,-5.1999999999999975,4.0,0.0,0.0,252.0,10.0,True,518.9379138675476,629.3235946372199,-110.38568076967222,129.3235946372199,0.5,9000.0,,,2.0
253,1.0027618951351531,1.0045808878454978,1.0024992409354394,1.0045808878454978,0.006331280413686358,0.004018153870135155,0.5,-0.2198172113980561,0.7150534380637789,-0.1,-5.299999999999997,4.0,0.0,0.0,253.0,10.0,True,490.9874369970656,629.3235946372199,-138.33615764015434,129.3235946372199,0.5,9000.0,,,4.0
254,1.0043286969002185,1.0070782292144984,1.0043286969002185,1.0069841824863113,0.00637086597928338,0.00503482981947001,0.5,-0.2522774665370524,0.7547786290673221,-10.0,-15.299999999999997,4.0,3.0,3.0,254.0,10.0,True,470.55943255015114,629.3235946372199,-158.76416208706877,129.3235946372199,0.5,9500.0,,,
