,o,h,l,c,stateFeature_0,stateFeature_1,stateFeature_2,stateFeature_3,stateFeature_4,reward,totalReward,simNum,eventFlag,stopFlag,barNum,nTrades,tradeOpen,accountValue,accountBalance,unrealizedPL,allPL,positionStatus,positionSize,entryPrice,exitPrice,action,predValueAction_0,predValueAction_1,predValueAction_2,predValueAction_3,predValueAction_4,predValueAction_5
0,0.9976301876635782,0.9998805024108538,0.9976301876635782,0.9989264642890747,1.0,0.0,0.0,0.0,0.1,0.0,0.0,1.0,0.0,0.0,0.0,0.0,,500.0,500.0,0.0,0.0,0.0,1000.0,,,3.0,-0.013921340927481651,0.033513911068439484,-0.041061241179704666,-0.041337329894304276,0.01811453141272068,-0.08337733149528503
1,1.0007168763678254,1.0047427548931456,1.0007168763678254,1.0028730589078743,1.0,0.0,0.0,0.0,0.1,0.0,0.0,1.0,0.0,0.0,1.0,0.0,,500.0,500.0,0.0,0.0,0.0,1000.0,,,4.0,-0.013921340927481651,0.033513911068439484,-0.041061241179704666,-0.041337329894304276,0.01811453141272068,-0.08337733149528503
2,1.0039064924441163,1.005224468974362,1.0039064924441163,1.0048504695490352,1.0,0.0,0.0,0.0,0.15,0.0,0.0,1.0,0.0,0.0,2.0,0.0,,500.0,500.0,0.0,0.0,0.0,1500.0,,,5.0,-0.013887148350477219,0.034310437738895416,-0.04719701409339905,-0.04365479201078415,0.021599799394607544,-0.08163885772228241
3,1.0062029672012955,1.008884010690471,1.0052579964544075,1.008884010690471,1.0,0.0,0.0,0.0,0.1,0.0,0.0,1.0,0.0,0.0,3.0,0.0,,500.0,500.0,0.0,0.0,0.0,1000.0,,,0.0,-0.013921340927481651,0.033513911068439484,-0.041061241179704666,-0.041337329894304276,0.01811453141272068,-0.08337733149528503
4,1.0089079714775788,1.009899037033777,1.0069299043682967,1.009899037033777,1.0,0.0,0.0,0.0,0.1,0.0,0.0,1.0,0.0,0.0,4.0,0.0,,500.0,500.0,0.0,0.0,0.0,1000.0,,,2.0,-0.013921340927481651,0.033513911068439484,-0.041061241179704666,-0.041337329894304276,0.01811453141272068,-0.08337733149528503
5,1.0088346400860255,1.0105574967566817,1.0081068594609432,1.0081068594609432,1.0,0.0,0.5,0.0033843551456675725,0.1,0.0,0.0,1.0,0.0,0.0,5.0,1.0,True,501.69217757283377,500.0,1.6921775728337862,0.0,0.5,1000.0,1.009899037033777,,0.0,-0.013899210840463638,0.04445095732808113,-0.07609309256076813,-0.08744064718484879,0.023396357893943787,-0.11251020431518555
6,1.0085832221500846,1.0097551139795835,1.0085832221500846,1.0097347149276554,1.0,0.0,0.5,0.00012864421224321204,0.1,0.0,0.0,1.0,0.0,0.0,6.0,1.0,True,500.0643221061216,500.0,0.06432210612160602,0.0,0.5,1000.0,,,4.0,-0.0025268883910030127,0.03659380227327347,-0.07080734521150589,-0.0751151591539383,0.047269560396671295,-0.07940862327814102
7,1.0094814209086742,1.010342873757567,1.0085530769208382,1.0085530769208382,1.0,0.0,0.5,0.0024919202258777196,0.15,0.0,0.0,1.0,0.0,0.0,7.0,1.0,True,501.24596011293886,500.0,1.2459601129388598,0.0,0.5,1500.0,,,3.0,-0.0019441645126789808,0.03418896719813347,-0.06664129346609116,-0.07720963656902313,0.0478946752846241,-0.07788290083408356
8,1.0098103935520641,1.0099269975663219,1.0090373817604597,1.0099269975663219,1.0,0.0,0.0,0.0,0.1496271411007508,0.0024919202258777196,0.0024919202258777196,1.0,0.0,0.0,8.0,1.0,False,501.24596011293886,501.24596011293886,0.0,1.2459601129388602,0.0,1500.0,,1.0085530769208382,0.0,-0.0024589269887655973,0.02891634777188301,-0.04700463265180588,-0.031155873090028763,0.04632389917969704,-0.04746433347463608
9,1.0075315676341268,1.008177354054412,1.0071801608339386,1.0071801608339386,1.0,1.0,0.0,0.0,0.1496271411007508,0.0,0.0024919202258777196,1.0,0.0,0.0,9.0,1.0,False,501.24596011293886,501.24596011293886,0.0,1.2459601129388602,0.0,1500.0,,,3.0,0.042343880981206894,-0.010451950132846832,-0.21354714035987854,0.1062590554356575,0.0699329674243927,-0.035530779510736465
10,1.0078633850086511,1.0078633850086511,1.0035479315015614,1.0035479315015614,1.0,1.0,0.0,0.0,0.1496271411007508,0.0,0.0024919202258777196,1.0,0.0,0.0,10.0,1.0,False,501.24596011293886,501.24596011293886,0.0,1.2459601129388602,0.0,1500.0,,,4.0,0.042343880981206894,-0.010451950132846832,-0.21354714035987854,0.1062590554356575,0.0699329674243927,-0.035530779510736465
11,1.0051837215987571,1.0054502929087203,1.0038694479198205,1.0038694479198205,1.0,1.0,0.0,0.0,0.19950285480100105,0.0,0.0024919202258777196,1.0,0.0,0.0,11.0,1.0,False,501.24596011293886,501.24596011293886,0.0,1.2459601129388602,0.0,2000.0,,,2.0,0.06747005879878998,-0.011258557438850403,-0.2021486908197403,0.12974607944488525,0.10016761720180511,-0.011422911658883095
12,1.0020844686362163,1.0020844686362163,0.9986436640459482,0.9986436640459482,0.0,1.0,0.5,0.02045217031860913,0.19950285480100105,0.0,0.0024919202258777196,1.0,0.0,0.0,12.0,2.0,True,511.4975278606834,501.24596011293886,10.251567747744584,1.2459601129388602,0.5,2000.0,1.0038694479198205,,5.0,-0.013332406058907509,-0.02625032514333725,-0.13367106020450592,0.0559878870844841,-0.0006179362535476685,-0.02734396420419216
13,1.0006984857458294,1.0006984857458294,0.9959801771299052,0.9959801771299052,0.0,1.0,0.5,0.031079635188123036,0.1496271411007508,0.0,0.0024919202258777196,1.0,0.0,0.0,13.0,2.0,True,516.8245016927694,501.24596011293886,15.57854157983061,1.2459601129388602,0.5,1500.0,,,0.0,-0.01467287540435791,-0.025780443102121353,-0.15205061435699463,0.0513819083571434,-0.004787527024745941,-0.025226552039384842
14,0.9985722294638653,0.9985722294638653,0.9952167627576193,0.9952167627576193,0.0,1.0,0.5,0.034125702121466005,0.1496271411007508,0.0,0.0024919202258777196,1.0,0.0,0.0,14.0,2.0,True,518.3513304373413,501.24596011293886,17.105370324402383,1.2459601129388602,0.5,1500.0,,,5.0,-0.01478927955031395,-0.025970079004764557,-0.15289218723773956,0.05116396024823189,-0.005275212228298187,-0.025420833379030228
15,0.9947875658696345,0.9951417441427095,0.9929390013315177,0.9940367787079422,0.0,1.0,0.5,0.03883390585207063,0.09975142740050053,0.0,0.0024919202258777196,1.0,0.0,0.0,15.0,2.0,True,520.7112985366955,501.24596011293886,19.46533842375662,1.2459601129388602,0.5,1000.0,,,0.0,-0.014600388705730438,-0.02732880227267742,-0.16921229660511017,0.047755759209394455,-0.009709864854812622,-0.0254738200455904
16,0.9909670552898697,0.9930044135825086,0.9909670552898697,0.9910235911876084,0.0,1.0,0.5,0.05085669609921727,0.09975142740050053,0.0,0.0024919202258777196,1.0,0.0,0.0,16.0,2.0,True,526.737673577363,501.24596011293886,25.491713464424116,1.2459601129388602,0.5,1000.0,,,1.0,-0.0004956452175974846,-0.02213851734995842,-0.17419037222862244,0.04307222366333008,0.011647640727460384,-0.0002280273474752903
17,0.9927738817328544,0.9927738817328544,0.9897069630760712,0.9897069630760712,0.0,1.0,0.5,0.05611011743847576,0.09975142740050053,0.0,0.0024919202258777196,1.0,0.0,0.0,17.0,2.0,True,529.3709298004374,501.24596011293886,28.124969687498535,1.2459601129388602,0.5,1000.0,,,3.0,-0.0006470112130045891,-0.022380974143743515,-0.17562851309776306,0.04274953901767731,0.010880193673074245,-0.0004765302874147892
18,0.9917821060020735,0.9917821060020735,0.9896542561983291,0.9906290025577342,0.0,1.0,0.0,0.0,0.09445172975185667,0.056110117438475764,0.058602037664353485,1.0,0.0,0.0,18.0,2.0,False,529.3709298004374,529.3709298004374,0.0,29.370929800437352,0.0,1000.0,,0.9897069630760712,3.0,0.018880348652601242,-0.05879030004143715,-0.161071315407753,0.02991020493209362,0.011640510521829128,0.024624617770314217
19,0.9903576695376837,0.9911803267345056,0.9892166960655261,0.9902538871347918,0.0,1.0,0.0,0.0,0.09445172975185667,0.0,0.058602037664353485,1.0,0.0,0.0,19.0,2.0,False,529.3709298004374,529.3709298004374,0.0,29.370929800437352,0.0,1000.0,,,4.0,0.018880348652601242,-0.05879030004143715,-0.161071315407753,0.02991020493209362,0.011640510521829128,0.024624617770314217
20,0.9888722535894005,0.9902283576134626,0.9874830471408091,0.9874830471408091,0.0,1.0,0.0,0.0,0.141677594627785,0.0,0.058602037664353485,1.0,0.0,0.0,20.0,2.0,False,529.3709298004374,529.3709298004374,0.0,29.370929800437352,0.0,1500.0,,,0.0,0.018486719578504562,-0.045745354145765305,-0.165361687541008,0.036802053451538086,0.019765704870224,0.02471330761909485
21,0.9903030912248688,0.991830496168578,0.9903030912248688,0.9907243461651417,0.0,0.0,0.0,0.0,0.141677594627785,0.0,0.058602037664353485,1.0,0.0,0.0,21.0,2.0,False,529.3709298004374,529.3709298004374,0.0,29.370929800437352,0.0,1500.0,,,1.0,0.01630999706685543,-0.0010553880129009485,-0.005207723006606102,0.01581701636314392,0.012892419472336769,0.011340712197124958
22,0.9945810229590031,0.9945810229590031,0.9917251749024354,0.9938511844350456,0.0,0.0,1.0,0.00857670330814621,0.141677594627785,0.0,0.058602037664353485,1.0,0.0,0.0,22.0,3.0,True,533.9111872052932,529.3709298004374,4.540257404855846,29.370929800437352,1.0,1500.0,0.9907243461651417,,1.0,0.004214944317936897,-0.014654112048447132,-0.02299783006310463,0.044449660927057266,0.0017120996490120888,0.02358768880367279
23,0.9955138110384574,0.9972228458495723,0.9942332266737623,0.9962006896308013,0.0,0.0,1.0,0.015234148202149281,0.141677594627785,0.0,0.058602037664353485,1.0,0.0,0.0,23.0,3.0,True,537.4354449989268,529.3709298004374,8.064515198489426,29.370929800437352,1.0,1500.0,,,3.0,0.004040863364934921,-0.014208231121301651,-0.024492252618074417,0.04412093013525009,0.0012852558866143227,0.023359742015600204
24,0.9949543091103187,0.9990126388477298,0.9949543091103187,0.9990126388477298,1.0,0.0,0.0,0.0,0.13955164419821578,0.015234148202149281,0.07383618586650277,1.0,0.0,0.0,24.0,3.0,False,537.4354449989268,537.4354449989268,0.0,37.435444998926755,0.0,1500.0,,0.9962006896308013,3.0,0.025730762630701065,0.014491638168692589,-0.027465902268886566,0.009978756308555603,0.09113237261772156,0.008979142643511295
25,0.9997247880999327,1.0020282496220685,0.9985209348092936,1.0020282496220685,1.0,0.0,0.0,0.0,0.13955164419821578,0.0,0.07383618586650277,1.0,0.0,0.0,25.0,3.0,False,537.4354449989268,537.4354449989268,0.0,37.435444998926755,0.0,1500.0,,,5.0,0.025730762630701065,0.014491638168692589,-0.027465902268886566,0.009978756308555603,0.09113237261772156,0.008979142643511295
26,1.002189476699498,1.0032295211960365,1.0013474517121856,1.002849909201333,1.0,0.0,0.0,0.0,0.0930344294654772,0.0,0.07383618586650277,1.0,0.0,0.0,26.0,3.0,False,537.4354449989268,537.4354449989268,0.0,37.435444998926755,0.0,1000.0,,,4.0,0.029895512387156487,0.007430247031152248,-0.011961887590587139,0.01771189086139202,0.09808283299207687,0.018610762432217598
27,1.0017189250912903,1.0062732612633565,1.0017189250912903,1.00472668441423,1.0,0.0,0.0,0.0,0.13955164419821578,0.0,0.07383618586650277,1.0,0.0,0.0,27.0,3.0,False,537.4354449989268,537.4354449989268,0.0,37.435444998926755,0.0,1500.0,,,0.0,0.03094293735921383,0.009369292296469212,-0.016966449096798897,0.01852601394057274,0.10303758084774017,0.022265326231718063
28,1.0046699301162159,1.0080748776867985,1.0046699301162159,1.0080748776867985,1.0,0.0,0.0,0.0,0.13955164419821578,0.0,0.07383618586650277,1.0,0.0,0.0,28.0,3.0,False,537.4354449989268,537.4354449989268,0.0,37.435444998926755,0.0,1500.0,,,4.0,0.03094293735921383,0.009369292296469212,-0.016966449096798897,0.01852601394057274,0.10303758084774017,0.022265326231718063
29,1.006112796312466,1.0110719824494745,1.006112796312466,1.0090880623281362,1.0,0.0,0.0,0.0,0.1860688589309544,0.0,0.07383618586650277,1.0,0.0,0.0,29.0,3.0,False,537.4354449989268,537.4354449989268,0.0,37.435444998926755,0.0,2000.0,,,3.0,0.030885864049196243,0.009943518787622452,-0.01790628209710121,0.018260853365063667,0.10382850468158722,0.022507231682538986
30,1.0091906705273668,1.0094170806873646,1.0079169495395557,1.0094170806873646,1.0,0.0,0.0,0.0,0.1860688589309544,0.0,0.07383618586650277,1.0,0.0,0.0,30.0,3.0,False,537.4354449989268,537.4354449989268,0.0,37.435444998926755,0.0,2000.0,,,5.0,0.030885864049196243,0.009943518787622452,-0.01790628209710121,0.018260853365063667,0.10382850468158722,0.022507231682538986
31,1.010025667509287,1.0105012018984916,1.0094644904536612,1.0105012018984916,1.0,0.0,0.0,0.0,0.13955164419821578,0.0,0.07383618586650277,1.0,0.0,0.0,31.0,3.0,False,537.4354449989268,537.4354449989268,0.0,37.435444998926755,0.0,1500.0,,,2.0,0.03489365056157112,0.008789083920419216,-0.010763291269540787,0.025908242911100388,0.11187263578176498,0.03483302518725395
32,1.011148718645296,1.011148718645296,1.0088445740659866,1.0088445740659866,1.0,0.0,0.5,0.004344599468615484,0.13955164419821578,0.0,0.07383618586650277,1.0,0.0,0.0,32.0,4.0,True,539.7703867476843,537.4354449989268,2.3349417487574633,37.435444998926755,0.5,1500.0,1.0105012018984916,,1.0,0.04093744605779648,0.008737431839108467,-0.028682557865977287,-0.019279520958662033,0.11998967826366425,0.01479590218514204
33,1.0106829980688212,1.0106829980688212,1.0075205823811642,1.0099341093848306,1.0,0.0,0.5,0.0013036705654812305,0.13955164419821578,0.0,0.07383618586650277,1.0,0.0,0.0,33.0,4.0,True,538.1360837694182,537.4354449989268,0.7006387704914075,37.435444998926755,0.5,1500.0,,,0.0,0.04099510610103607,0.008601454086601734,-0.0283824410289526,-0.01925654709339142,0.12019447237253189,0.014847241342067719
34,1.0101034501629567,1.0101034501629567,1.0057840000079454,1.0093725633420516,1.0,1.0,0.5,0.002870964036737526,0.13955164419821578,0.0,0.07383618586650277,1.0,0.0,0.0,34.0,4.0,True,538.9784028335868,537.4354449989268,1.5429578346599473,37.435444998926755,0.5,1500.0,,,5.0,0.05175403133034706,0.006821845658123493,-0.1331547498703003,0.07500733435153961,0.1922130584716797,0.06834001839160919
35,1.0071950558001657,1.007642645282293,1.0054428704591465,1.006381004827824,1.0,1.0,0.5,0.011220502224249907,0.0930344294654772,0.0,0.07383618586650277,1.0,0.0,0.0,35.0,4.0,True,543.465740604928,537.4354449989268,6.0302956060011965,37.435444998926755,0.5,1000.0,,,3.0,0.047897860407829285,0.0035044988617300987,-0.1418532133102417,0.07586640864610672,0.19057531654834747,0.0750739574432373
36,1.006331201379289,1.006331201379289,1.0031852063009647,1.0031852063009647,1.0,1.0,0.0,0.0,0.09200211947922485,0.011220502224249907,0.08505668809075267,1.0,0.0,0.0,36.0,4.0,False,543.465740604928,543.465740604928,0.0,43.46574060492799,0.0,1000.0,,1.006381004827824,3.0,0.07341010868549347,0.009871931746602058,-0.21212022006511688,0.14220434427261353,0.1573389619588852,0.06511294841766357
37,1.0032131737763454,1.0032131737763454,1.0011625845401992,1.001998064551003,0.0,1.0,0.0,0.0,0.09200211947922485,0.0,0.08505668809075267,1.0,0.0,0.0,37.0,4.0,False,543.465740604928,543.465740604928,0.0,43.46574060492799,0.0,1000.0,,,0.0,-0.0017964402213692665,-0.055733196437358856,-0.14255477488040924,0.04515106603503227,0.07475023716688156,0.06365764886140823
38,1.0009944093695238,1.0009944093695238,0.9978224279513952,0.9978224279513952,0.0,1.0,0.0,0.0,0.09200211947922485,0.0,0.08505668809075267,1.0,0.0,0.0,38.0,4.0,False,543.465740604928,543.465740604928,0.0,43.46574060492799,0.0,1000.0,,,0.0,-0.0017964402213692665,-0.055733196437358856,-0.14255477488040924,0.04515106603503227,0.07475023716688156,0.06365764886140823
39,0.9983548038163336,0.9983548038163336,0.9956850190600545,0.9956850190600545,0.0,1.0,0.0,0.0,0.09200211947922485,0.0,0.08505668809075267,1.0,0.0,0.0,39.0,4.0,False,543.465740604928,543.465740604928,0.0,43.46574060492799,0.0,1000.0,,,5.0,-0.0017964402213692665,-0.055733196437358856,-0.14255477488040924,0.04515106603503227,0.07475023716688156,0.06365764886140823
40,0.9960618375480471,0.9972111226968381,0.9934711590041652,0.9934711590041652,0.0,1.0,0.0,0.0,0.046001059739612424,0.0,0.08505668809075267,1.0,0.0,0.0,40.0,4.0,False,543.465740604928,543.465740604928,0.0,43.46574060492799,0.0,500.0,,,1.0,-0.0025600632652640343,-0.06914331018924713,-0.13808177411556244,0.03835539147257805,0.06773578375577927,0.06371840089559555
41,0.9945915415683982,0.9950599285970092,0.9917793587198612,0.9929928174173139,0.0,1.0,1.0,-0.0005320865177329112,0.046001059739612424,0.0,0.08505668809075267,1.0,0.0,0.0,41.0,5.0,True,543.1765698115024,543.465740604928,-0.28917079342561375,43.46574060492799,1.0,500.0,0.9934711590041652,,0.0,0.018308918923139572,0.011928184889256954,-0.15775109827518463,0.07969433069229126,0.0322047583758831,0.023638267070055008
42,0.9897972376627907,0.9923768095739267,0.9897972376627907,0.9923768095739267,0.0,1.0,1.0,-0.0010988267898074204,0.046001059739612424,0.0,0.08505668809075267,1.0,0.0,0.0,42.0,5.0,True,542.8685658898088,543.465740604928,-0.5971747151192253,43.46574060492799,1.0,500.0,,,1.0,0.018366478383541107,0.011991913430392742,-0.15768539905548096,0.07974418252706528,0.03229547664523125,0.023674659430980682
43,0.9914198121087917,0.9914198121087917,0.9897369741614821,0.9897369741614821,0.0,1.0,1.0,-0.003527531320019601,0.046001059739612424,0.0,0.08505668809075267,1.0,0.0,0.0,43.0,5.0,True,541.5486481835865,543.465740604928,-1.9170924213415317,43.46574060492799,1.0,500.0,,,4.0,0.01861298829317093,0.012265021912753582,-0.15740379691123962,0.07995773106813431,0.032684240490198135,0.023830629885196686
44,0.9885684133790594,0.9907140925711694,0.9885684133790594,0.9901922352547772,0.0,1.0,1.0,-0.003108681465023838,0.09200211947922485,0.0,0.08505668809075267,1.0,0.0,0.0,44.0,5.0,True,541.776278730234,543.465740604928,-1.6894618746939927,43.46574060492799,1.0,1000.0,,,5.0,0.019001031294465065,0.01250543538480997,-0.14820155501365662,0.08783914148807526,0.033927302807569504,0.02131863683462143
45,0.9910988792882632,0.9910988792882632,0.9890238252775627,0.9904862616190249,0.0,1.0,1.0,-0.002838170978088257,0.046001059739612424,0.0,0.08505668809075267,1.0,0.0,0.0,45.0,5.0,True,541.9232919123579,543.465740604928,-1.5424486925701475,43.46574060492799,1.0,500.0,,,5.0,0.01854301244020462,0.012187509797513485,-0.15748372673988342,0.07989709824323654,0.0325738899409771,0.023786362260580063
46,0.990556866347254,0.9909025539359598,0.990556866347254,0.9906027118099616,0.0,1.0,1.0,-0.002731034334288837,0.0,0.0,0.08505668809075267,1.0,0.0,0.0,46.0,5.0,True,541.9815170078263,543.465740604928,-1.4842235971017692,43.46574060492799,1.0,0.0,,,2.0,0.027630209922790527,0.02324916236102581,-0.14080892503261566,0.08419898897409439,0.05140624940395355,0.03855833411216736
47,0.991383258974103,0.9926501315139138,0.9897521905785726,0.9922034544564124,0.0,0.0,1.0,-0.0012583171721462427,0.0,0.0,0.08505668809075267,1.0,0.0,0.0,47.0,5.0,True,542.7818883310516,543.465740604928,-0.6838522738763564,43.46574060492799,1.0,0.0,,,3.0,0.01798413135111332,-0.010128475725650787,0.006067450158298016,0.07676627486944199,0.03677939623594284,0.04160405695438385
48,0.9929508799414258,0.9952011900282842,0.9927461911806228,0.9952011900282842,0.0,0.0,0.0,0.0,0.0,-0.0012583171721462427,0.08379837091860644,1.0,0.0,0.0,48.0,5.0,False,542.7818883310516,542.7818883310516,0.0,42.78188833105162,0.0,0.0,,0.9922034544564124,2.0,0.014318812638521194,-0.00026318617165088654,0.01294996589422226,0.026434339582920074,0.024663280695676804,0.033643580973148346
49,0.9959333681580131,0.9978397570218276,0.9955991006825643,0.9971281273047341,0.0,0.0,0.0,0.0,0.0,0.0,0.08379837091860644,1.0,0.0,0.0,49.0,5.0,False,542.7818883310516,542.7818883310516,0.0,42.78188833105162,0.0,0.0,,,0.0,0.014318812638521194,-0.00026318617165088654,0.01294996589422226,0.026434339582920074,0.024663280695676804,0.033643580973148346
50,0.9977877881159691,0.9992065800976884,0.9969216400072222,0.998095989586369,1.0,0.0,0.0,0.0,0.0,0.0,0.08379837091860644,1.0,0.0,0.0,50.0,5.0,False,542.7818883310516,542.7818883310516,0.0,42.78188833105162,0.0,0.0,,,1.0,0.0388394258916378,0.007298395968973637,0.017495285719633102,0.050696030259132385,0.11213842779397964,0.039124663919210434
51,1.0021121121855079,1.0021121121855079,1.0010809402169616,1.0011528492368724,1.0,0.0,0.0,0.0,0.0,0.0,0.08379837091860644,1.0,0.0,0.0,51.0,5.0,False,542.7818883310516,542.7818883310516,0.0,42.78188833105162,0.0,0.0,,,5.0,0.042939238250255585,0.007873362861573696,0.026274651288986206,0.05180744081735611,0.1174236387014389,0.0445605143904686
52,1.0040590972534826,1.0066241170816415,1.0038980330578977,1.0066241170816415,1.0,0.0,0.0,0.0,0.0,0.0,0.08379837091860644,1.0,0.0,0.0,52.0,5.0,False,542.7818883310516,542.7818883310516,0.0,42.78188833105162,0.0,0.0,,,4.0,0.042939238250255585,0.007873362861573696,0.026274651288986206,0.05180744081735611,0.1174236387014389,0.0445605143904686
53,1.0052222233168187,1.0070577916595755,1.0052222233168187,1.0070577916595755,1.0,0.0,0.0,0.0,0.046059016591121195,0.0,0.08379837091860644,1.0,0.0,0.0,53.0,5.0,False,542.7818883310516,542.7818883310516,0.0,42.78188833105162,0.0,500.0,,,4.0,0.043716736137866974,0.007449796423316002,0.026377635076642036,0.05025549978017807,0.12160664796829224,0.04809723421931267
54,1.0062053763519248,1.009245442701577,1.0062053763519248,1.0068526330766583,1.0,0.0,0.0,0.0,0.09211803318224239,0.0,0.08379837091860644,1.0,0.0,0.0,54.0,5.0,False,542.7818883310516,542.7818883310516,0.0,42.78188833105162,0.0,1000.0,,,2.0,0.0447559580206871,0.008468525484204292,0.023639436811208725,0.050030335783958435,0.1263992190361023,0.051873285323381424
55,1.009725107430239,1.0100365774239324,1.0080029498923244,1.0080029498923244,1.0,0.0,0.5,-0.002303534518276965,0.09211803318224239,0.0,0.08379837091860644,1.0,0.0,0.0,55.0,6.0,True,541.5315715153855,542.7818883310516,-1.2503168156661304,42.78188833105162,0.5,1000.0,1.0068526330766583,,3.0,0.053999971598386765,0.01202822383493185,-0.0033254511654376984,0.005937523208558559,0.14305754005908966,0.038498446345329285
56,1.0086942214640704,1.011052544448548,1.0074659795506875,1.0101472629835309,1.0,0.0,0.0,0.0,0.09233072018328195,-0.002303534518276965,0.08149483640032948,1.0,0.0,0.0,56.0,6.0,False,541.5315715153855,541.5315715153855,0.0,41.53157151538551,0.0,1000.0,,1.0080029498923244,0.0,0.04678354784846306,0.010097261518239975,0.03717144951224327,0.04875142127275467,0.12938107550144196,0.052574317902326584
57,1.010490943800678,1.0106228505248978,1.0061818686346227,1.0096436496964099,1.0,0.0,0.0,0.0,0.09233072018328195,0.0,0.08149483640032948,1.0,0.0,0.0,57.0,6.0,False,541.5315715153855,541.5315715153855,0.0,41.53157151538551,0.0,1000.0,,,5.0,0.04678354784846306,0.010097261518239975,0.03717144951224327,0.04875142127275467,0.12938107550144196,0.052574317902326584
58,1.010178349530417,1.011656284353951,1.0079792922692412,1.0093682818999832,1.0,0.0,0.0,0.0,0.046165360091640975,0.0,0.08149483640032948,1.0,0.0,0.0,58.0,6.0,False,541.5315715153855,541.5315715153855,0.0,41.53157151538551,0.0,500.0,,,3.0,0.04563296586275101,0.008570833131670952,0.04075401648879051,0.048596419394016266,0.12436525523662567,0.048672012984752655
59,1.0088375000109797,1.0094022255387096,1.0082182470972598,1.0082212093300598,1.0,1.0,0.0,0.0,0.046165360091640975,0.0,0.08149483640032948,1.0,0.0,0.0,59.0,6.0,False,541.5315715153855,541.5315715153855,0.0,41.53157151538551,0.0,500.0,,,1.0,0.09735971689224243,0.06169554591178894,-0.12428150326013565,0.1718291938304901,0.19584058225154877,0.09264305233955383
60,1.0085362115557321,1.0085362115557321,1.0057506602669175,1.00836668549205,1.0,1.0,1.0,4.1988467877399894e-05,0.046165360091640975,0.0,0.08149483640032948,1.0,0.0,0.0,60.0,7.0,True,541.5543095963807,541.5315715153855,0.022738080995171647,41.53157151538551,1.0,500.0,1.0082212093300598,,0.0,0.08511266857385635,0.04884868487715721,-0.036682870239019394,0.06891141831874847,0.2434604912996292,0.0668584555387497
61,1.004613182756669,1.0059804239748726,1.0037350643334395,1.0037350643334395,1.0,1.0,1.0,-0.004234420704029033,0.046165360091640975,0.0,0.08149483640032948,1.0,0.0,0.0,61.0,7.0,True,539.2384990170754,541.5315715153855,-2.2930724983101274,41.53157151538551,1.0,500.0,,,4.0,0.09762649983167648,0.04636486619710922,-0.01616440713405609,0.061216555535793304,0.2541198134422302,0.06872823089361191
62,1.0045255295070372,1.0045255295070372,1.0002091633941674,1.0002091633941674,0.0,1.0,1.0,-0.007489910434208044,0.09233072018328195,0.0,0.08149483640032948,1.0,0.0,0.0,62.0,7.0,True,537.4755485474393,541.5315715153855,-4.0560229679461655,41.53157151538551,1.0,1000.0,,,2.0,0.05936843156814575,0.05667522922158241,-0.061195410788059235,0.09489644318819046,0.10516835749149323,0.07307563722133636
63,1.002003985938979,1.002003985938979,0.9983918880943743,0.9993188726000155,0.0,1.0,1.0,-0.008311922336173977,0.09233072018328195,0.0,0.08149483640032948,1.0,0.0,0.0,63.0,7.0,True,537.0304031503633,541.5315715153855,-4.501168365022128,41.53157151538551,1.0,1000.0,,,2.0,0.059350717812776566,0.056671783328056335,-0.061085350811481476,0.09489476680755615,0.10523699223995209,0.07306060194969177
64,0.999744605915517,0.999744605915517,0.9954579256352147,0.9971942836010163,0.0,1.0,1.0,-0.010273570659884773,0.09233072018328195,0.0,0.08149483640032948,1.0,0.0,0.0,64.0,7.0,True,535.9681086508638,541.5315715153855,-5.563462864521757,41.53157151538551,1.0,1000.0,,,5.0,0.05930843576788902,0.05666352063417435,-0.060822680592536926,0.09489068388938904,0.10540081560611725,0.07302473485469818
65,0.9975493066850079,0.9975493066850079,0.9941187945296909,0.995219868852177,0.0,1.0,1.0,-0.012096562016893037,0.046165360091640975,0.0,0.08149483640032948,1.0,0.0,0.0,65.0,7.0,True,534.9809012764441,541.5315715153855,-6.550670238941408,41.53157151538551,1.0,500.0,,,2.0,0.05716574937105179,0.05706068128347397,-0.0672353133559227,0.09436104446649551,0.10244613140821457,0.07276961207389832
66,0.9944472280126673,0.9944472280126673,0.9908814728956028,0.9908814728956028,0.0,1.0,1.0,-0.016102234248000336,0.046165360091640975,0.0,0.08149483640032948,1.0,0.0,0.0,66.0,7.0,True,532.811703298157,541.5315715153855,-8.719868217228484,41.53157151538551,1.0,500.0,,,2.0,0.0656479001045227,0.06310698390007019,-0.05619466304779053,0.09740210324525833,0.10848444700241089,0.07530410587787628
67,0.9918771353405139,0.9929493364282534,0.9905393116926703,0.9914588033403665,0.0,1.0,1.0,-0.015569180890512652,0.046165360091640975,0.0,0.08149483640032948,1.0,0.0,0.0,67.0,7.0,True,533.1003685205388,541.5315715153855,-8.431202994846625,41.53157151538551,1.0,500.0,,,2.0,0.06564784049987793,0.0631188303232193,-0.056245431303977966,0.0974043682217598,0.10844019055366516,0.07530155032873154
68,0.9892501152762735,0.9906328469250605,0.9885743529669516,0.9893070560248594,0.0,1.0,1.0,-0.017555904683444847,0.046165360091640975,0.0,0.08149483640032948,1.0,0.0,0.0,68.0,7.0,True,532.0244948627853,541.5315715153855,-9.507076652600205,41.53157151538551,1.0,500.0,,,0.0,0.06564804911613464,0.06307467073202133,-0.05605621635913849,0.09739593416452408,0.10860514640808105,0.075311079621315
69,0.9894108293545427,0.9911053727829063,0.9894108293545427,0.9905672623091301,0.0,1.0,1.0,-0.01639234714538273,0.046165360091640975,0.0,0.08149483640032948,1.0,0.0,0.0,69.0,7.0,True,532.6545980049207,541.5315715153855,-8.876973510464854,41.53157151538551,1.0,500.0,,,5.0,0.06564792990684509,0.06310054659843445,-0.05616702884435654,0.09740088135004044,0.10850852727890015,0.0753054991364479
70,0.9890118493927662,0.990982024205531,0.988681951382459,0.990109596832189,0.0,1.0,1.0,-0.016814912976272644,0.0,0.0,0.08149483640032948,1.0,0.0,0.0,70.0,7.0,True,532.4257652664502,541.5315715153855,-9.105806248935373,41.53157151538551,1.0,0.0,,,4.0,0.06612883508205414,0.06568466126918793,-0.06118831783533096,0.10069020092487335,0.10577128827571869,0.07323046028614044
71,0.9904671940570703,0.9926038846867468,0.9891917718254271,0.9920997826118425,0.0,0.0,1.0,-0.014977360112933318,0.046165360091640975,0.0,0.08149483640032948,1.0,0.0,0.0,71.0,7.0,True,533.4208581562768,541.5315715153855,-8.110713359108631,41.53157151538551,1.0,500.0,,,1.0,0.044549696147441864,-0.009008912369608879,0.046904273331165314,0.08191953599452972,0.06673146784305573,0.0741409957408905
72,0.9938822248798846,0.9938822248798846,0.9912140125064148,0.9929104276948073,0.0,0.0,1.0,-0.014228885669701548,0.046165360091640975,0.0,0.08149483640032948,1.0,0.0,0.0,72.0,7.0,True,533.8261806977592,541.5315715153855,-7.705390817626228,41.53157151538551,1.0,500.0,,,3.0,0.04455384612083435,-0.008915949612855911,0.04676293954253197,0.0819258987903595,0.06668810546398163,0.07410775125026703
73,0.9950505445485642,0.9950505445485642,0.9932826188783671,0.9935937176599932,0.0,0.0,0.0,0.0,0.04683172332859871,-0.014228885669701548,0.06726595073062794,1.0,0.0,0.0,73.0,7.0,False,533.8261806977592,533.8261806977592,0.0,33.82618069775924,0.0,500.0,,0.9929104276948073,2.0,0.03824745491147041,0.007814772427082062,0.017374485731124878,0.03137396275997162,0.023178698495030403,0.048963434994220734
74,0.9952220554893215,0.9973150263461811,0.9952220554893215,0.9973150263461811,0.0,0.0,0.5,-0.0035791694228944726,0.04683172332859871,0.0,0.06726595073062794,1.0,0.0,0.0,74.0,8.0,True,531.9155263546653,533.8261806977592,-1.9106543430939593,33.82618069775924,0.5,500.0,0.9935937176599932,,5.0,0.04192783311009407,-0.0024789683520793915,0.04139460250735283,0.05164716765284538,0.057298414409160614,0.06526245176792145
75,0.9986957719969785,1.0005347668882267,0.9974892486475809,1.0005347668882267,1.0,0.0,0.5,-0.006594889387993564,0.0,0.0,0.06726595073062794,1.0,0.0,0.0,75.0,8.0,True,530.3056560836425,533.8261806977592,-3.520524614116787,33.82618069775924,0.5,0.0,,,0.0,0.07925686240196228,0.025200597941875458,0.03049454838037491,0.024525249376893044,0.1619175374507904,0.04718569666147232
76,1.0018239402696327,1.0027976071826548,1.0009510148948695,1.0017785906357561,1.0,0.0,0.5,-0.007759897580270322,0.0,0.0,0.06726595073062794,1.0,0.0,0.0,76.0,8.0,True,529.6837442098778,533.8261806977592,-4.14243648788149,33.82618069775924,0.5,0.0,,,5.0,0.09015204012393951,0.023607326671481133,0.03719053417444229,0.03570830076932907,0.17091242969036102,0.05946611240506172
77,1.0032771768852233,1.0040252286171303,1.0019177904620409,1.0039903691589547,1.0,0.0,0.5,-0.009831525577521734,0.0,0.0,0.06726595073062794,1.0,0.0,0.0,77.0,8.0,True,528.5778549482785,533.8261806977592,-5.248325749480759,33.82618069775924,0.5,0.0,,,0.0,0.09018649160861969,0.023420555517077446,0.037541069090366364,0.035797543823719025,0.17108038067817688,0.05954166129231453
78,1.0035085017030798,1.0066050816958116,1.0035085017030798,1.0059691403175566,1.0,0.0,0.5,-0.011684910846126832,0.0,0.0,0.06726595073062794,1.0,0.0,0.0,78.0,8.0,True,527.5884693689775,533.8261806977592,-6.2377113287817085,33.82618069775924,0.5,0.0,,,0.0,0.09021730720996857,0.023253489285707474,0.0378546416759491,0.03587735444307327,0.17123061418533325,0.059609219431877136
79,1.0064154394630989,1.0096540700906755,1.0064154394630989,1.007311562769372,1.0,0.0,0.5,-0.012942269983197268,0.0,0.0,0.06726595073062794,1.0,0.0,0.0,79.0,8.0,True,526.9172581430698,533.8261806977592,-6.90892255468945,33.82618069775924,0.5,0.0,,,3.0,0.09023822844028473,0.023140132427215576,0.03806741535663605,0.035931505262851715,0.17133258283138275,0.05965505540370941
80,1.0076278684939688,1.008438853459455,1.0068877724486196,1.008438853459455,1.0,0.0,0.0,0.0,0.0,-0.012942269983197268,0.05432368074743067,1.0,0.0,0.0,80.0,8.0,False,526.9172581430698,526.9172581430698,0.0,26.91725814306983,0.0,0.0,,1.007311562769372,1.0,0.07196332514286041,0.012256368063390255,0.07437020540237427,0.06450999528169632,0.13405841588974,0.05446247011423111
81,1.0088286664504207,1.012229959117464,1.0088286664504207,1.012229959117464,1.0,0.0,0.0,0.0,0.0,0.0,0.05432368074743067,1.0,0.0,0.0,81.0,8.0,False,526.9172581430698,526.9172581430698,0.0,26.91725814306983,0.0,0.0,,,4.0,0.08156034350395203,0.014255737885832787,0.07244051992893219,0.07050705701112747,0.13997434079647064,0.06562920659780502
82,1.0106825661949483,1.0110180010438785,1.0092404477094141,1.009267776528165,1.0,0.0,0.0,0.0,0.04744577941535546,0.0,0.05432368074743067,1.0,0.0,0.0,82.0,8.0,False,526.9172581430698,526.9172581430698,0.0,26.91725814306983,0.0,500.0,,,0.0,0.0827251672744751,0.013398898765444756,0.0731012225151062,0.0696740448474884,0.14508110284805298,0.07013549655675888
83,1.0088282799403887,1.0108267006607148,1.0085758516498775,1.0085758516498775,1.0,1.0,0.0,0.0,0.04744577941535546,0.0,0.05432368074743067,1.0,0.0,0.0,83.0,8.0,False,526.9172581430698,526.9172581430698,0.0,26.91725814306983,0.0,500.0,,,3.0,0.14589112997055054,0.09613430500030518,-0.07105223089456558,0.1935715526342392,0.22944962978363037,0.13037799298763275
84,1.0099676154879527,1.0108235044489733,1.006247671115418,1.006247671115418,1.0,1.0,0.0,0.0,0.04744577941535546,0.0,0.05432368074743067,1.0,0.0,0.0,84.0,8.0,False,526.9172581430698,526.9172581430698,0.0,26.91725814306983,0.0,500.0,,,4.0,0.14589112997055054,0.09613430500030518,-0.07105223089456558,0.1935715526342392,0.22944962978363037,0.13037799298763275
85,1.008554906820132,1.008554906820132,1.0067553507851639,1.0077785280042353,1.0,1.0,0.0,0.0,0.09489155883071092,0.0,0.05432368074743067,1.0,0.0,0.0,85.0,8.0,False,526.9172581430698,526.9172581430698,0.0,26.91725814306983,0.0,1000.0,,,0.0,0.150013267993927,0.09187497198581696,-0.06351355463266373,0.19413718581199646,0.23693940043449402,0.13136479258537292
86,1.005751319798869,1.0062446053472531,1.0048656351989913,1.0048656351989913,1.0,1.0,0.0,0.0,0.09489155883071092,0.0,0.05432368074743067,1.0,0.0,0.0,86.0,8.0,False,526.9172581430698,526.9172581430698,0.0,26.91725814306983,0.0,1000.0,,,4.0,0.15999600291252136,0.09447604417800903,-0.06680160760879517,0.2039085030555725,0.2393648326396942,0.14445078372955322
87,1.004882795211861,1.004882795211861,1.002172724182341,1.002172724182341,0.0,1.0,0.0,0.0,0.14233733824606637,0.0,0.05432368074743067,1.0,0.0,0.0,87.0,8.0,False,526.9172581430698,526.9172581430698,0.0,26.91725814306983,0.0,1500.0,,,5.0,0.10376504063606262,0.05283663794398308,-0.04037589952349663,0.1558307260274887,0.14443732798099518,0.12422779947519302
88,1.001249232299147,1.001249232299147,0.9988491940029032,1.0012204003069298,0.0,1.0,0.0,0.0,0.09489155883071092,0.0,0.05432368074743067,1.0,0.0,0.0,88.0,8.0,False,526.9172581430698,526.9172581430698,0.0,26.91725814306983,0.0,1000.0,,,5.0,0.09733375906944275,0.044106729328632355,-0.04071684181690216,0.15586744248867035,0.13853999972343445,0.12623310089111328
89,0.9977797312953581,0.9998226289788215,0.9963995208979145,0.9990200946768797,0.0,1.0,0.0,0.0,0.04744577941535546,0.0,0.05432368074743067,1.0,0.0,0.0,89.0,8.0,False,526.9172581430698,526.9172581430698,0.0,26.91725814306983,0.0,500.0,,,5.0,0.09062308073043823,0.03509198874235153,-0.040723077952861786,0.15582260489463806,0.13235092163085938,0.12831005454063416
90,0.9973335003114459,0.9973335003114459,0.9937112477771466,0.9937112477771466,0.0,1.0,0.0,0.0,0.0,0.0,0.05432368074743067,1.0,0.0,0.0,90.0,8.0,False,526.9172581430698,526.9172581430698,0.0,26.91725814306983,0.0,0.0,,,1.0,0.08391238749027252,0.026077203452587128,-0.04072926566004753,0.15577775239944458,0.1261618733406067,0.13038699328899384
91,0.9940714105407541,0.9940714105407541,0.9919434902282753,0.9931060629552307,0.0,1.0,0.0,0.0,0.0,0.0,0.05432368074743067,1.0,0.0,0.0,91.0,8.0,False,526.9172581430698,526.9172581430698,0.0,26.91725814306983,0.0,0.0,,,2.0,0.08910047262907028,0.02237408235669136,-0.03511330485343933,0.16581913828849792,0.1282503604888916,0.14489765465259552
92,0.9911622970149955,0.9920207436332091,0.9901291165824021,0.9910096031865507,0.0,1.0,0.0,0.0,0.0,0.0,0.05432368074743067,1.0,0.0,0.0,92.0,8.0,False,526.9172581430698,526.9172581430698,0.0,26.91725814306983,0.0,0.0,,,3.0,0.08910047262907028,0.02237408235669136,-0.03511330485343933,0.16581913828849792,0.1282503604888916,0.14489765465259552
93,0.9914386522449139,0.9917390257466422,0.9896891826906994,0.9896891826906994,0.0,1.0,0.0,0.0,0.0,0.0,0.05432368074743067,1.0,0.0,0.0,93.0,8.0,False,526.9172581430698,526.9172581430698,0.0,26.91725814306983,0.0,0.0,,,4.0,0.08910047262907028,0.02237408235669136,-0.03511330485343933,0.16581913828849792,0.1282503604888916,0.14489765465259552
94,0.9913334056171994,0.9913334056171994,0.9883393170117645,0.9892269565822449,0.0,1.0,0.0,0.0,0.04744577941535546,0.0,0.05432368074743067,1.0,0.0,0.0,94.0,8.0,False,526.9172581430698,526.9172581430698,0.0,26.91725814306983,0.0,500.0,,,3.0,0.09577640891075134,0.031401798129081726,-0.03512931615114212,0.165805846452713,0.13445055484771729,0.1427139788866043
95,0.9897673005163986,0.991464389776441,0.9888882108967221,0.991464389776441,0.0,0.0,0.0,0.0,0.04744577941535546,0.0,0.05432368074743067,1.0,0.0,0.0,95.0,8.0,False,526.9172581430698,526.9172581430698,0.0,26.91725814306983,0.0,500.0,,,3.0,0.06198376789689064,-0.001987731084227562,0.016319923102855682,0.04890412837266922,0.025581520050764084,0.08893151581287384
96,0.9908111405574066,0.9908111405574066,0.9898463751897019,0.990265422467993,0.0,1.0,0.0,0.0,0.04744577941535546,0.0,0.05432368074743067,1.0,0.0,0.0,96.0,8.0,False,526.9172581430698,526.9172581430698,0.0,26.91725814306983,0.0,500.0,,,1.0,0.09931887686252594,0.02254609763622284,-0.017603302374482155,0.1747453808784485,0.1416252702474594,0.1613205075263977
97,0.9934722514165094,0.9942602768084079,0.9914149498048397,0.9942602768084079,0.0,0.0,1.0,0.003695887997805312,0.04744577941535546,0.0,0.05432368074743067,1.0,0.0,0.0,97.0,9.0,True,528.8646853132773,526.9172581430698,1.947427170207455,26.91725814306983,1.0,500.0,0.990265422467993,,3.0,0.07836011797189713,-0.04264272004365921,0.05512094497680664,0.1207202672958374,0.0761287659406662,0.16656813025474548
98,0.993108150273715,0.9950541122853019,0.9923807952996642,0.9934354822451413,0.0,0.0,0.0,0.0,0.047271070832023976,0.003695887997805312,0.058019568745235985,1.0,0.0,0.0,98.0,9.0,False,528.8646853132773,528.8646853132773,0.0,28.864685313277278,0.0,500.0,,0.9942602768084079,5.0,0.06674668937921524,-0.008316662162542343,0.0188324935734272,0.052715081721544266,0.025757795199751854,0.10194508731365204
99,0.9966463027344007,0.997204326923741,0.9951030461744946,0.997204326923741,0.0,0.0,0.0,0.0,0.0,0.05772937062655455,0.11574893937179054,1.0,1.0,1.0,99.0,9.0,False,528.8646853132773,528.8646853132773,0.0,28.864685313277278,0.0,0.0,,,,,,,,,
