,o,h,l,c,stateFeature_0,stateFeature_1,stateFeature_2,stateFeature_3,stateFeature_4,reward,totalReward,simNum,eventFlag,stopFlag,barNum,nTrades,tradeOpen,accountValue,accountBalance,unrealizedPL,allPL,positionStatus,positionSize,entryPrice,exitPrice,action,predValueAction_0
0,0.9992066769922769,1.0017712617096515,0.9980258086752994,1.0017712617096515,1.0,0.0,0.0,0.0,0.1,0.0,0.0,1.0,0.0,0.0,0.0,0.0,,500.0,500.0,0.0,0.0,0.0,1000.0,,,5.0,
1,1.0014381309260176,1.0032679479818767,1.0009513156726857,1.0032679479818767,1.0,0.0,0.0,0.0,0.05,0.0,0.0,1.0,0.0,0.0,1.0,0.0,,500.0,500.0,0.0,0.0,0.0,500.0,,,5.0,
2,1.003871194063465,1.0051184882049755,1.003467269761263,1.0047976786460546,1.0,0.0,0.0,0.0,0.0,0.0,0.0,1.0,0.0,0.0,2.0,0.0,,500.0,500.0,0.0,0.0,0.0,0.0,,,4.0,
3,1.004403935585293,1.0086199320791907,1.004403935585293,1.0086199320791907,1.0,0.0,0.0,0.0,0.05,0.0,0.0,1.0,0.0,0.0,3.0,0.0,,500.0,500.0,0.0,0.0,0.0,500.0,,,3.0,
4,1.0089049717904492,1.0100756489784362,1.006952467153037,1.0097071223330216,1.0,0.0,0.0,0.0,0.05,0.0,0.0,1.0,0.0,0.0,4.0,0.0,,500.0,500.0,0.0,0.0,0.0,500.0,,,4.0,
5,1.0091553594299532,1.0106970945784257,1.0091553594299532,1.0106970945784257,1.0,0.0,0.0,0.0,0.1,0.0,0.0,1.0,0.0,0.0,5.0,0.0,,500.0,500.0,0.0,0.0,0.0,1000.0,,,1.0,
6,1.0082895192429202,1.0112957010398576,1.0082895192429202,1.0098068115081724,1.0,0.0,1.0,-0.00198056614050659,0.1,0.0,0.0,1.0,0.0,0.0,6.0,1.0,True,499.00971692974673,500.0,-0.9902830702532949,0.0,1.0,1000.0,1.0106970945784257,,2.0,
7,1.011968376341313,1.011968376341313,1.0091916979379443,1.0091916979379443,1.0,0.0,1.0,-0.0032107932809628758,0.1,0.0,0.0,1.0,0.0,0.0,7.0,1.0,True,498.39460335951856,500.0,-1.605396640481438,0.0,1.0,1000.0,,,0.0,
8,1.0105776451049493,1.011045389059962,1.0080046010790928,1.0080046010790928,1.0,1.0,1.0,-0.005584986998665742,0.1,0.0,0.0,1.0,0.0,0.0,8.0,1.0,True,497.20750650066714,500.0,-2.792493499332871,0.0,1.0,1000.0,,,2.0,
9,1.008753839509314,1.008753839509314,1.0069543130463072,1.0069543130463072,1.0,1.0,1.0,-0.007685563064236977,0.1,0.0,0.0,1.0,0.0,0.0,9.0,1.0,True,496.15721846788153,500.0,-3.8427815321184884,0.0,1.0,1000.0,,,2.0,
10,1.007491550018863,1.007491550018863,1.0060659094252802,1.0060659094252802,1.0,1.0,1.0,-0.009462370306291067,0.1,0.0,0.0,1.0,0.0,0.0,10.0,1.0,True,495.26881484685447,500.0,-4.731185153145534,0.0,1.0,1000.0,,,5.0,
11,1.0047370432104175,1.0057460503061757,1.0030711677243513,1.0030711677243513,1.0,1.0,1.0,-0.015451853708148744,0.05,0.0,0.0,1.0,0.0,0.0,11.0,1.0,True,492.2740731459256,500.0,-7.725926854074372,0.0,1.0,500.0,,,4.0,
12,1.0022448206763825,1.0030565785222922,0.9999583389836042,1.0012193670581295,0.0,1.0,1.0,-0.01915545504059237,0.1,0.0,0.0,1.0,0.0,0.0,12.0,1.0,True,490.4222724797038,500.0,-9.577727520296186,0.0,1.0,1000.0,,,4.0,
13,1.0004760338021572,1.0007345048416822,0.9984629716054501,0.9984629716054501,0.0,1.0,1.0,-0.024668245945951316,0.15,0.0,0.0,1.0,0.0,0.0,13.0,1.0,True,487.66587702702435,500.0,-12.334122972975658,0.0,1.0,1500.0,,,0.0,
14,0.9983034434405401,0.9983034434405401,0.9960891042352704,0.996262667861783,0.0,1.0,1.0,-0.02906885343328549,0.15,0.0,0.0,1.0,0.0,0.0,14.0,1.0,True,485.46557328335723,500.0,-14.534426716642745,0.0,1.0,1500.0,,,4.0,
15,0.9947878994226651,0.9966583930248324,0.9936961421234951,0.9942938896722572,0.0,1.0,1.0,-0.033006409812337066,0.2,0.0,0.0,1.0,0.0,0.0,15.0,1.0,True,483.49679509383145,500.0,-16.503204906168534,0.0,1.0,2000.0,,,5.0,
16,0.9929694650702235,0.9931767062900626,0.9919314333250799,0.9923751559378531,0.0,1.0,1.0,-0.03684387728114527,0.15,0.0,0.0,1.0,0.0,0.0,16.0,1.0,True,481.57806135942735,500.0,-18.421938640572634,0.0,1.0,1500.0,,,3.0,
17,0.9910850743470669,0.9922695796164135,0.9879670204239389,0.9879670204239389,0.0,1.0,0.0,0.0,0.15573799144480444,-0.03684387728114527,-0.03684387728114527,1.0,0.0,0.0,17.0,1.0,False,481.57806135942735,481.57806135942735,0.0,-18.421938640572648,0.0,1500.0,,0.9923751559378531,5.0,
18,0.9909295710632638,0.9931518519475654,0.9909295710632638,0.991183003881103,0.0,1.0,0.0,0.0,0.10382532762986962,0.0,-0.03684387728114527,1.0,0.0,0.0,18.0,1.0,False,481.57806135942735,481.57806135942735,0.0,-18.421938640572648,0.0,1000.0,,,1.0,
19,0.9884293928038764,0.9917206383933789,0.9884293928038764,0.9917206383933789,0.0,1.0,1.0,0.0009087509323835498,0.10382532762986962,0.0,-0.03684387728114527,1.0,0.0,0.0,19.0,2.0,True,482.0156958717032,481.57806135942735,0.43763451227584194,-18.421938640572648,1.0,1000.0,0.991183003881103,,3.0,
20,0.9906084408744175,0.9911207740319138,0.9889521768902748,0.9911207740319138,0.0,1.0,0.0,0.0,0.10373106193062302,0.0009087509323835498,-0.03593512634876172,1.0,0.0,0.0,20.0,2.0,False,482.0156958717032,482.0156958717032,0.0,-17.9843041282968,0.0,1000.0,,0.9917206383933789,3.0,
21,0.9895381479728165,0.9934424680450715,0.9895381479728165,0.9922250357352456,0.0,0.0,0.0,0.0,0.10373106193062302,0.0,-0.03593512634876172,1.0,0.0,0.0,21.0,2.0,False,482.0156958717032,482.0156958717032,0.0,-17.9843041282968,0.0,1000.0,,,1.0,
22,0.993108757456088,0.993108757456088,0.9913845822471602,0.9930678592104031,0.0,0.0,1.0,0.0015410773581017003,0.10373106193062302,0.0,-0.03593512634876172,1.0,0.0,0.0,22.0,3.0,True,482.75851934686074,482.0156958717032,0.742823475157517,-17.9843041282968,1.0,1000.0,0.9922250357352456,,5.0,
23,0.993422701565767,0.9947042014358904,0.993308517861075,0.9935478764549173,0.0,0.0,1.0,0.0025369313284710608,0.05186553096531151,0.0,-0.03593512634876172,1.0,0.0,0.0,23.0,3.0,True,483.2385365913749,482.0156958717032,1.2228407196717028,-17.9843041282968,1.0,500.0,,,1.0,
24,0.9967258393897747,0.9982221473472147,0.9964029519805794,0.9982221473472147,0.0,0.0,1.0,0.012234272996659344,0.05186553096531151,0.0,-0.03593512634876172,1.0,0.0,0.0,24.0,3.0,True,487.91280748367234,482.0156958717032,5.897111611969142,-17.9843041282968,1.0,500.0,,,2.0,
25,0.9984423201681665,1.0019736725339374,0.997762743174801,1.0019736725339374,1.0,0.0,1.0,0.02001726682622389,0.05186553096531151,0.0,-0.03593512634876172,1.0,0.0,0.0,25.0,3.0,True,491.6643326703951,482.0156958717032,9.648636798691868,-17.9843041282968,1.0,500.0,,,2.0,
26,1.0000573444104595,1.002657634144457,1.0000573444104595,1.0026108917007057,1.0,0.0,1.0,0.021339255243252312,0.05186553096531151,0.0,-0.03593512634876172,1.0,0.0,0.0,26.0,3.0,True,492.30155183716334,482.0156958717032,10.285855965460154,-17.9843041282968,1.0,500.0,,,0.0,
27,1.0024090107105947,1.005493673983645,1.0015970067291908,1.005428714150849,1.0,0.0,1.0,0.02718516954495834,0.05186553096531151,0.0,-0.03593512634876172,1.0,0.0,0.0,27.0,3.0,True,495.1193742873065,482.0156958717032,13.103678415603328,-17.9843041282968,1.0,500.0,,,4.0,
28,1.00391771492176,1.0068491129029584,1.00391771492176,1.0068491129029584,1.0,0.0,1.0,0.030131958963383405,0.10373106193062302,0.0,-0.03593512634876172,1.0,0.0,0.0,28.0,3.0,True,496.53977303941605,482.0156958717032,14.524077167712857,-17.9843041282968,1.0,1000.0,,,5.0,
29,1.0069183021661774,1.0081632104086562,1.0058016187040737,1.0081632104086562,1.0,0.0,1.0,0.032858213558311665,0.05186553096531151,0.0,-0.03593512634876172,1.0,0.0,0.0,29.0,3.0,True,497.8538705451138,482.0156958717032,15.83817467341063,-17.9843041282968,1.0,500.0,,,2.0,
30,1.0089557274773406,1.0107945310345492,1.0089557274773406,1.0106590858296758,1.0,0.0,1.0,0.038036209715689724,0.05186553096531151,0.0,-0.03593512634876172,1.0,0.0,0.0,30.0,3.0,True,500.3497459661334,482.0156958717032,18.33405009443022,-17.9843041282968,1.0,500.0,,,4.0,
31,1.0100304602202925,1.0107303725597292,1.0084704967779485,1.0084704967779485,1.0,0.0,1.0,0.03349571638638166,0.10373106193062302,0.0,-0.03593512634876172,1.0,0.0,0.0,31.0,3.0,True,498.16115691440615,482.0156958717032,16.145461042702966,-17.9843041282968,1.0,1000.0,,,2.0,
32,1.0081873119014135,1.010157508769052,1.0080053268840161,1.0092489133597988,1.0,0.0,1.0,0.03511063595957639,0.10373106193062302,0.0,-0.03593512634876172,1.0,0.0,0.0,32.0,3.0,True,498.93957349625646,482.0156958717032,16.92387762455326,-17.9843041282968,1.0,1000.0,,,0.0,
33,1.00918563621803,1.009577660988145,1.0087677856758421,1.0087691872470017,1.0,0.0,1.0,0.034115385977250494,0.10373106193062302,0.0,-0.03593512634876172,1.0,0.0,0.0,33.0,3.0,True,498.45984738345936,482.0156958717032,16.444151511756143,-17.9843041282968,1.0,1000.0,,,3.0,
34,1.0095802056989545,1.0095802056989545,1.0073155540871894,1.0088202726298217,1.0,1.0,0.0,0.0,0.10030898228305155,0.034115385977250494,-0.0018197403715112248,1.0,0.0,0.0,34.0,3.0,False,498.45984738345936,498.45984738345936,0.0,-1.540152616540638,0.0,1000.0,,1.0087691872470017,4.0,
35,1.0090217594098445,1.0090217594098445,1.0041876775948424,1.0068582116149154,1.0,1.0,0.0,0.0,0.1504634734245773,0.0,-0.0018197403715112248,1.0,0.0,0.0,35.0,3.0,False,498.45984738345936,498.45984738345936,0.0,-1.540152616540638,0.0,1500.0,,,3.0,
36,1.0062544439896781,1.0072163567102848,1.0027078896091082,1.003243335345341,1.0,1.0,0.0,0.0,0.1504634734245773,0.0,-0.0018197403715112248,1.0,0.0,0.0,36.0,3.0,False,498.45984738345936,498.45984738345936,0.0,-1.540152616540638,0.0,1500.0,,,4.0,
37,1.0031456733270196,1.0031456733270196,1.0010938139378516,1.0019889211972735,0.0,1.0,0.0,0.0,0.2006179645661031,0.0,-0.0018197403715112248,1.0,0.0,0.0,37.0,3.0,False,498.45984738345936,498.45984738345936,0.0,-1.540152616540638,0.0,2000.0,,,2.0,
38,0.9994108595042559,1.0000719080509934,0.9973274635946815,0.9979074492455327,0.0,1.0,0.5,0.015975095978705386,0.2006179645661031,0.0,-0.0018197403715112248,1.0,0.0,0.0,38.0,4.0,True,506.422791286941,498.45984738345936,7.9629439034816025,-1.540152616540638,0.5,2000.0,1.0019889211972735,,3.0,
39,1.0002701664312068,1.0002701664312068,0.9949438487828418,0.9969229772921906,0.0,1.0,0.0,0.0,0.19746346673275933,0.015975095978705386,0.014155355607194161,1.0,0.0,0.0,39.0,4.0,False,506.422791286941,506.422791286941,0.0,6.422791286940992,0.0,2000.0,,0.9979074492455327,3.0,
40,0.9944321508231173,0.9963358940790317,0.9928866341365935,0.9928866341365935,0.0,1.0,0.0,0.0,0.19746346673275933,0.0,0.014155355607194161,1.0,0.0,0.0,40.0,4.0,False,506.422791286941,506.422791286941,0.0,6.422791286940992,0.0,2000.0,,,2.0,
41,0.9925766689830468,0.9951628535907996,0.991588654978592,0.9922401008602661,0.0,1.0,0.5,0.002158407108568251,0.19746346673275933,0.0,0.014155355607194161,1.0,0.0,0.0,41.0,5.0,True,507.5158578395957,506.422791286941,1.0930665526547092,6.422791286940992,0.5,2000.0,0.9928866341365935,,0.0,
42,0.9903466537056798,0.9921966010133114,0.9903466537056798,0.9918274310836531,0.0,1.0,0.5,0.0037881512026850897,0.19746346673275933,0.0,0.014155355607194161,1.0,0.0,0.0,42.0,5.0,True,508.34119739282175,506.422791286941,1.9184061058807658,6.422791286940992,0.5,2000.0,,,4.0,
43,0.9896286508722544,0.9911821529645618,0.9895796386616796,0.9895796386616796,0.0,1.0,0.5,0.012665288885455275,0.24682933341594918,0.0,0.014155355607194161,1.0,0.0,0.0,43.0,5.0,True,512.8367822367687,506.422791286941,6.41399094982773,6.422791286940992,0.5,2500.0,,,0.0,
44,0.9885514471496992,0.9901110021198979,0.9879277450543127,0.9893452928018283,0.0,1.0,0.5,0.013590783803469737,0.24682933341594918,0.0,0.014155355607194161,1.0,0.0,0.0,44.0,5.0,True,513.3054739564715,506.422791286941,6.882682669530493,6.422791286940992,0.5,2500.0,,,0.0,
45,0.99041006128404,0.9915795489011832,0.9903568893999761,0.9915795489011832,0.0,0.0,0.5,0.004767104704521107,0.24682933341594918,0.0,0.014155355607194161,1.0,0.0,0.0,45.0,5.0,True,508.8369617577617,506.422791286941,2.414170470820687,6.422791286940992,0.5,2500.0,,,3.0,
46,0.9916463296285362,0.9922056340743257,0.9890271604892845,0.9890271604892845,0.0,1.0,0.0,0.0,0.24565825479381712,0.004767104704521107,0.018922460311715267,1.0,0.0,0.0,46.0,5.0,False,508.8369617577617,508.8369617577617,0.0,8.836961757761685,0.0,2500.0,,0.9915795489011832,3.0,
47,0.9922358803366278,0.9938563638278344,0.9915077180956601,0.9915077180956601,0.0,0.0,0.0,0.0,0.24565825479381712,0.0,0.018922460311715267,1.0,0.0,0.0,47.0,5.0,False,508.8369617577617,508.8369617577617,0.0,8.836961757761685,0.0,2500.0,,,0.0,
48,0.9937873896672262,0.9952614904282491,0.9937873896672262,0.9951219318092747,0.0,0.0,0.0,0.0,0.24565825479381712,0.0,0.018922460311715267,1.0,0.0,0.0,48.0,5.0,False,508.8369617577617,508.8369617577617,0.0,8.836961757761685,0.0,2500.0,,,5.0,
49,0.9963046594084104,0.9971454677405036,0.9931649739383488,0.9958423402872605,0.0,0.0,0.0,0.0,0.1965266038350537,0.0,0.018922460311715267,1.0,0.0,0.0,49.0,5.0,False,508.8369617577617,508.8369617577617,0.0,8.836961757761685,0.0,2000.0,,,0.0,
50,0.9974099754342337,0.9990578993321142,0.9974099754342337,0.9987213984638057,1.0,0.0,0.0,0.0,0.1965266038350537,0.0,0.018922460311715267,1.0,0.0,0.0,50.0,5.0,False,508.8369617577617,508.8369617577617,0.0,8.836961757761685,0.0,2000.0,,,0.0,
51,1.0012886136030026,1.0012886136030026,0.9994044392838264,1.0012830893666942,1.0,0.0,0.0,0.0,0.1965266038350537,0.0,0.018922460311715267,1.0,0.0,0.0,51.0,5.0,False,508.8369617577617,508.8369617577617,0.0,8.836961757761685,0.0,2000.0,,,5.0,
52,1.0041925932720699,1.0052555130821508,1.0036362442131896,1.0052555130821508,1.0,0.0,0.0,0.0,0.14739495287629029,0.0,0.018922460311715267,1.0,0.0,0.0,52.0,5.0,False,508.8369617577617,508.8369617577617,0.0,8.836961757761685,0.0,1500.0,,,3.0,
53,1.0069134370419814,1.0080611464863163,1.0062834608790043,1.0077464933138205,1.0,0.0,0.0,0.0,0.14739495287629029,0.0,0.018922460311715267,1.0,0.0,0.0,53.0,5.0,False,508.8369617577617,508.8369617577617,0.0,8.836961757761685,0.0,1500.0,,,0.0,
54,1.0057382496722864,1.0089054902213999,1.0057382496722864,1.0089054902213999,1.0,0.0,0.0,0.0,0.14739495287629029,0.0,0.018922460311715267,1.0,0.0,0.0,54.0,5.0,False,508.8369617577617,508.8369617577617,0.0,8.836961757761685,0.0,1500.0,,,3.0,
55,1.0074997118095272,1.0096938622813718,1.0074997118095272,1.0096938622813718,1.0,0.0,0.0,0.0,0.14739495287629029,0.0,0.018922460311715267,1.0,0.0,0.0,55.0,5.0,False,508.8369617577617,508.8369617577617,0.0,8.836961757761685,0.0,1500.0,,,4.0,
56,1.0094019216874508,1.010820527401413,1.0085193402184613,1.0085193402184613,1.0,0.0,0.0,0.0,0.1965266038350537,0.0,0.018922460311715267,1.0,0.0,0.0,56.0,5.0,False,508.8369617577617,508.8369617577617,0.0,8.836961757761685,0.0,2000.0,,,4.0,
57,1.0096290115634154,1.009908629562903,1.0090919773167435,1.0097484816353592,1.0,0.0,0.0,0.0,0.24565825479381712,0.0,0.018922460311715267,1.0,0.0,0.0,57.0,5.0,False,508.8369617577617,508.8369617577617,0.0,8.836961757761685,0.0,2500.0,,,2.0,
58,1.0102327970499287,1.0102327970499287,1.007452663884411,1.0094517318967766,1.0,0.0,0.5,0.0009666639482269458,0.24565825479381712,0.0,0.018922460311715267,1.0,0.0,0.0,58.0,6.0,True,509.3288361042182,508.8369617577617,0.49187434645656136,8.836961757761685,0.5,2500.0,1.0097484816353592,,3.0,
59,1.0092123174182097,1.0108779499303668,1.0072484358207439,1.0072484358207439,1.0,1.0,0.0,0.0,0.2454210151463379,0.0009666639482269458,0.01988912425994221,1.0,0.0,0.0,59.0,6.0,False,509.3288361042182,509.3288361042182,0.0,9.328836104218226,0.0,2500.0,,1.0094517318967766,2.0,
60,1.0061201328879494,1.0067474963556466,1.0049043696442765,1.0058889993817528,1.0,1.0,0.5,0.0061818433873894844,0.2454210151463379,0.0,0.01988912425994221,1.0,0.0,0.0,60.0,7.0,True,512.4774272016958,509.3288361042182,3.148591097477644,9.328836104218226,0.5,2500.0,1.0072484358207439,,5.0,
61,1.0043471412420428,1.0060984867742306,1.0028366814827072,1.0028366814827072,1.0,1.0,0.5,0.02116390253405159,0.19633681211707033,0.0,0.01988912425994221,1.0,0.0,0.0,61.0,7.0,True,520.1082219493098,509.3288361042182,10.77938584509161,9.328836104218226,0.5,2000.0,,,3.0,
62,1.002747485607243,1.0038211774308836,0.9992134939318363,0.9992134939318363,0.0,1.0,0.0,0.0,0.1922676777252448,0.02116390253405159,0.0410530267939938,1.0,0.0,0.0,62.0,7.0,False,520.1082219493098,520.1082219493098,0.0,20.108221949309836,0.0,2000.0,,1.0028366814827072,1.0,
63,1.0015080684126108,1.0015080684126108,0.9990263054682266,0.9996738502930229,0.0,1.0,1.0,0.0013856976143772493,0.1922676777252448,0.0,0.0410530267939938,1.0,0.0,0.0,63.0,8.0,True,520.828934671683,520.1082219493098,0.7207127223731515,20.108221949309836,1.0,2000.0,0.9992134939318363,,5.0,
64,0.9991862945737551,0.9991862945737551,0.9971094914027333,0.9977532500784166,0.0,1.0,1.0,-0.005999689247641844,0.1442007582939336,0.0,0.0410530267939938,1.0,0.0,0.0,64.0,8.0,True,516.9877342424704,520.1082219493098,-3.120487706839392,20.108221949309836,1.0,1500.0,,,5.0,
65,0.9978151057052324,0.9978151057052324,0.9940953901248036,0.9952778216121051,0.0,1.0,1.0,-0.015518586899495555,0.0961338388626224,0.0,0.0410530267939938,1.0,0.0,0.0,65.0,8.0,True,512.0368773098473,520.1082219493098,-8.071344639462486,20.108221949309836,1.0,1000.0,,,3.0,
66,0.9928312762950835,0.9948389325850172,0.9928312762950835,0.9941071428392015,0.0,1.0,0.0,0.0,0.09764921671792723,-0.015518586899495555,0.025534439894498245,1.0,0.0,0.0,66.0,8.0,False,512.0368773098473,512.0368773098473,0.0,12.036877309847341,0.0,1000.0,,0.9952778216121051,4.0,
67,0.9915545457317259,0.9925701546144126,0.9909722722196951,0.9920300922300218,0.0,1.0,0.0,0.0,0.14647382507689086,0.0,0.025534439894498245,1.0,0.0,0.0,67.0,8.0,False,512.0368773098473,512.0368773098473,0.0,12.036877309847341,0.0,1500.0,,,2.0,
68,0.9900622175290522,0.9905621053203978,0.9898013928045292,0.9905621053203978,0.0,1.0,0.5,0.004007485506154903,0.14647382507689086,0.0,0.025534439894498245,1.0,0.0,0.0,68.0,9.0,True,514.0888576742834,512.0368773098473,2.0519803644360293,12.036877309847341,0.5,1500.0,0.9920300922300218,,2.0,
69,0.9920284226924168,0.9920284226924168,0.9895135450062684,0.9895135450062684,0.0,1.0,0.5,0.007079218306841989,0.14647382507689086,0.0,0.025534439894498245,1.0,0.0,0.0,69.0,9.0,True,515.6616981454774,512.0368773098473,3.624820835630077,12.036877309847341,0.5,1500.0,,,5.0,
70,0.9895922348906859,0.9920924623575657,0.9894185835861202,0.9902967566287921,0.0,1.0,0.5,0.004784818262927489,0.09764921671792723,0.0,0.025534439894498245,1.0,0.0,0.0,70.0,9.0,True,514.4868807116918,512.0368773098473,2.4500034018445196,12.036877309847341,0.5,1000.0,,,2.0,
71,0.991137780242128,0.9921835952996427,0.9885498060838516,0.9921835952996427,0.0,0.0,0.5,-0.0007426312855221887,0.09764921671792723,0.0,0.025534439894498245,1.0,0.0,0.0,71.0,9.0,True,511.65662270541594,512.0368773098473,-0.38025460443137915,12.036877309847341,0.5,1000.0,,,2.0,
72,0.990977873283684,0.9922631490532263,0.990977873283684,0.9922311690080162,0.0,0.0,0.5,-0.0008819973462933521,0.09764921671792723,0.0,0.025534439894498245,1.0,0.0,0.0,72.0,9.0,True,511.5852621428557,512.0368773098473,-0.4516151669916201,12.036877309847341,0.5,1000.0,,,0.0,
73,0.9935406256605788,0.994148420311414,0.9924507020668526,0.9928630545523225,0.0,0.0,0.5,-0.0027330911999999897,0.09764921671792723,0.0,0.025534439894498245,1.0,0.0,0.0,73.0,9.0,True,510.6374338263963,512.0368773098473,-1.399443483451018,12.036877309847341,0.5,1000.0,,,4.0,
74,0.9961367679573389,0.9973317979439089,0.9961367679573389,0.9973317979439089,0.0,0.0,0.5,-0.015824169957054837,0.14647382507689086,0.0,0.025534439894498245,1.0,0.0,0.0,74.0,9.0,True,503.9343187390167,512.0368773098473,-8.10255857083066,12.036877309847341,0.5,1500.0,,,1.0,
75,0.9983391715927454,1.0009018142705706,0.9983391715927454,0.9997309690180538,1.0,0.0,0.5,-0.022852485241931536,0.14647382507689086,0.0,0.025534439894498245,1.0,0.0,0.0,75.0,9.0,True,500.33556212779934,512.0368773098473,-11.701315182047995,12.036877309847341,0.5,1500.0,,,2.0,
76,1.0001251916335074,1.0012063157873148,0.9990360737473946,1.0008524460149588,1.0,0.0,0.5,-0.026137825751379965,0.14647382507689086,0.0,0.025534439894498245,1.0,0.0,0.0,76.0,9.0,True,498.6533466324418,512.0368773098473,-13.383530677405512,12.036877309847341,0.5,1500.0,,,3.0,
77,1.0018051548525861,1.0055021767861385,1.0018051548525861,1.0055021767861385,1.0,0.0,0.0,0.0,0.15040508703390418,-0.026137825751379965,-0.0006033858568817198,1.0,0.0,0.0,77.0,9.0,False,498.6533466324418,498.6533466324418,0.0,-1.34665336755819,0.0,1500.0,,1.0008524460149588,4.0,
78,1.005312010211329,1.0064854316532936,1.005312010211329,1.0064854316532936,1.0,0.0,0.0,0.0,0.20054011604520558,0.0,-0.0006033858568817198,1.0,0.0,0.0,78.0,9.0,False,498.6533466324418,498.6533466324418,0.0,-1.34665336755819,0.0,2000.0,,,1.0,
79,1.0081993747037252,1.0081993747037252,1.0065768579898737,1.0065768579898737,1.0,0.0,1.0,-3.438726914317486e-05,0.20054011604520558,0.0,-0.0006033858568817198,1.0,0.0,0.0,79.0,10.0,True,498.636199305602,498.6533466324418,-0.01714732683979464,-1.34665336755819,1.0,2000.0,1.0064854316532936,,5.0,
80,1.0084900882706704,1.0099315470044938,1.0068200498641433,1.0068200498641433,1.0,0.0,1.0,0.0009410072646022659,0.15040508703390418,0.0,-0.0006033858568817198,1.0,0.0,0.0,80.0,10.0,True,499.12258305414116,498.6533466324418,0.4692364216993596,-1.34665336755819,1.0,1500.0,,,4.0,
81,1.009517717919282,1.0105058144112808,1.009445076466072,1.0097812156783765,1.0,0.0,1.0,0.012817657984910795,0.20054011604520558,0.0,-0.0006033858568817198,1.0,0.0,0.0,81.0,10.0,True,505.0449146826076,498.6533466324418,6.391568050165808,-1.34665336755819,1.0,2000.0,,,3.0,
82,1.0088662873581784,1.0107292013934097,1.0085086184362189,1.008933750463834,1.0,0.0,0.0,0.0,0.19800219167208996,0.012817657984910795,0.012214272128029075,1.0,0.0,0.0,82.0,10.0,False,505.0449146826076,505.0449146826076,0.0,5.044914682607612,0.0,2000.0,,1.0097812156783765,0.0,
83,1.00973605684687,1.0110322045704987,1.008215308599804,1.0099821985461401,1.0,0.0,0.0,0.0,0.19800219167208996,0.0,0.012214272128029075,1.0,0.0,0.0,83.0,10.0,False,505.0449146826076,505.0449146826076,0.0,5.044914682607612,0.0,2000.0,,,3.0,
84,1.0082173917379222,1.0104595732364208,1.0079153223365513,1.0079153223365513,1.0,1.0,0.0,0.0,0.19800219167208996,0.0,0.012214272128029075,1.0,0.0,0.0,84.0,10.0,False,505.0449146826076,505.0449146826076,0.0,5.044914682607612,0.0,2000.0,,,2.0,
85,1.0081105807507753,1.0084926694857825,1.0063163531090629,1.006367522671378,1.0,1.0,0.5,0.005733350136128934,0.19800219167208996,0.0,0.012214272128029075,1.0,0.0,0.0,85.0,11.0,True,507.94051401295434,505.0449146826076,2.895599330346754,5.044914682607612,0.5,2000.0,1.0079153223365513,,0.0,
86,1.0071758838186085,1.0071758838186085,1.0040024199686342,1.004318456112309,1.0,1.0,0.5,0.013847743527681502,0.19800219167208996,0.0,0.012214272128029075,1.0,0.0,0.0,86.0,11.0,True,512.0386471310921,505.0449146826076,6.993732448484536,5.044914682607612,0.5,2000.0,,,0.0,
87,1.0040354718380187,1.0055880607520382,1.001926550176478,1.0023310664184935,1.0,1.0,0.5,0.021717893829321842,0.19800219167208996,0.0,0.012214272128029075,1.0,0.0,0.0,87.0,11.0,True,516.0134265187233,505.0449146826076,10.96851183611578,5.044914682607612,0.5,2000.0,,,4.0,
88,1.0011234031045821,1.001204259726193,0.9996749968580434,1.0000572259700256,0.0,1.0,0.5,0.03072240167550769,0.24750273959011246,0.0,0.012214272128029075,1.0,0.0,0.0,88.0,11.0,True,520.5611074156592,505.0449146826076,15.516192733051582,5.044914682607612,0.5,2500.0,,,4.0,
89,0.9993262109825202,0.9996741036976071,0.9967872840481599,0.9967872840481599,0.0,1.0,0.5,0.043671515018904754,0.297003287508135,0.0,0.012214272128029075,1.0,0.0,0.0,89.0,11.0,True,527.1009912593905,505.0449146826076,22.056076576782967,5.044914682607612,0.5,3000.0,,,0.0,
90,0.9966052629295301,0.9969694060379883,0.9931684379341795,0.9934058608475134,0.0,1.0,0.5,0.05706209911288194,0.297003287508135,0.0,0.012214272128029075,1.0,0.0,0.0,90.0,11.0,True,533.8638376606835,505.0449146826076,28.818922978075957,5.044914682607612,0.5,3000.0,,,4.0,
91,0.9929102797972236,0.9945499243177548,0.9915488954534751,0.9916020341260641,0.0,1.0,0.5,0.06420533199775476,0.3465038354261575,0.0,0.012214272128029075,1.0,0.0,0.0,91.0,11.0,True,537.4714911035821,505.0449146826076,32.42657642097455,5.044914682607612,0.5,3500.0,,,2.0,
92,0.9919148225143323,0.9927098397308959,0.990868368543467,0.990868368543467,0.0,1.0,0.5,0.06711067986392658,0.3465038354261575,0.0,0.012214272128029075,1.0,0.0,0.0,92.0,11.0,True,538.9388222687762,505.0449146826076,33.89390758616859,5.044914682607612,0.5,3500.0,,,2.0,
93,0.9918488967769954,0.9933129437778248,0.990043100010718,0.9909714397112369,0.0,1.0,0.5,0.06670251352159388,0.3465038354261575,0.0,0.012214272128029075,1.0,0.0,0.0,93.0,11.0,True,538.7326799332365,505.0449146826076,33.687765250628864,5.044914682607612,0.5,3500.0,,,2.0,
94,0.9893689661711887,0.9910138214395585,0.9888569562818166,0.9910138214395585,0.0,1.0,0.5,0.0665346800197033,0.3465038354261575,0.0,0.012214272128029075,1.0,0.0,0.0,94.0,11.0,True,538.6479164765933,505.0449146826076,33.60300179398565,5.044914682607612,0.5,3500.0,,,4.0,
95,0.9900819836295894,0.990369757832426,0.9889203635346071,0.990369757832426,0.0,1.0,0.5,0.0690852001354728,0.3960043833441799,0.0,0.012214272128029075,1.0,0.0,0.0,95.0,11.0,True,539.9360436908584,505.0449146826076,34.89112900825073,5.044914682607612,0.5,4000.0,,,5.0,
96,0.9896753955647531,0.9914641309571874,0.9896753955647531,0.9908589216343121,0.0,1.0,0.5,0.06714809003827069,0.3465038354261575,0.0,0.012214272128029075,1.0,0.0,0.0,96.0,11.0,True,538.957716087086,505.0449146826076,33.91280140447847,5.044914682607612,0.5,3500.0,,,3.0,
97,0.9898136579670055,0.9934637408788618,0.9898136579670055,0.9927578836833022,0.0,0.0,0.0,0.0,0.32470079706906557,0.06714809003827069,0.07936236216629976,1.0,0.0,0.0,97.0,11.0,False,538.957716087086,538.957716087086,0.0,38.957716087086055,0.0,3500.0,,0.9908589216343121,4.0,
98,0.9934388696490817,0.9953142567240528,0.9934388696490817,0.9945364086889774,0.0,0.0,0.0,0.0,0.37108662522178926,0.0,0.07936236216629976,1.0,0.0,0.0,98.0,11.0,False,538.957716087086,538.957716087086,0.0,38.957716087086055,0.0,4000.0,,,4.0,
99,0.993419546550687,0.9978595306436256,0.993419546550687,0.9971041197998515,0.0,0.0,0.0,0.0,0.4174724533745129,0.0,0.07936236216629976,1.0,0.0,0.0,99.0,11.0,False,538.957716087086,538.957716087086,0.0,38.957716087086055,0.0,4500.0,,,2.0,
100,0.9970755853016111,1.0004148967953674,0.9970755853016111,1.0004148967953674,1.0,0.0,0.5,-0.028478108804627974,0.4174724533745129,0.0,0.07936236216629976,1.0,0.0,0.0,100.0,12.0,True,523.6092196072642,538.957716087086,-15.34849647982183,38.957716087086055,0.5,4500.0,0.9971041197998515,,1.0,
101,1.0020040008888678,1.0020040008888678,0.9994833620807482,1.00179939358672,1.0,0.0,0.5,-0.04003789424812979,0.4174724533745129,0.0,0.07936236216629976,1.0,0.0,0.0,101.0,12.0,True,517.3789840461777,538.957716087086,-21.578732040908314,38.957716087086055,0.5,4500.0,,,5.0,
102,1.001783205744598,1.0052539435561445,1.001783205744598,1.0037668591112585,1.0,0.0,0.5,-0.05646514743730722,0.37108662522178926,0.0,0.07936236216629976,1.0,0.0,0.0,102.0,12.0,True,508.52538918575436,538.957716087086,-30.432326901331678,38.957716087086055,0.5,4000.0,,,0.0,
103,1.0048740887055605,1.007310774276422,1.0040735628591495,1.007310774276422,1.0,0.0,0.5,-0.08605488660834622,0.37108662522178926,0.0,0.07936236216629976,1.0,0.0,0.0,103.0,12.0,True,492.5777709425186,538.957716087086,-46.37994514456744,38.957716087086055,0.5,4000.0,,,3.0,
104,1.006718225990458,1.0089054584606085,1.0055278493762496,1.0089054584606085,1.0,0.0,0.0,0.0,0.4060272545740579,-0.08605488660834622,-0.00669252444204646,1.0,0.0,0.0,104.0,12.0,False,492.5777709425186,492.5777709425186,0.0,-7.422229057481388,0.0,4000.0,,1.007310774276422,1.0,
105,1.0095410953113861,1.0095410953113861,1.0087933672599156,1.0092909140047874,1.0,0.0,1.0,0.0023180546181180753,0.4060272545740579,0.0,-0.00669252444204646,1.0,0.0,0.0,105.0,13.0,True,493.7195931192342,492.5777709425186,1.1418221767156127,-7.422229057481388,1.0,4000.0,1.0089054584606085,,0.0,
106,1.0098933199647715,1.0103416659679327,1.0081475125463337,1.0090165513329419,1.0,0.0,1.0,9.008016997702492e-05,0.4060272545740579,0.0,-0.00669252444204646,1.0,0.0,0.0,106.0,13.0,True,492.622142431852,492.5777709425186,0.04437148933340612,-7.422229057481388,1.0,4000.0,,,4.0,
107,1.0091497412515475,1.0105396011001166,1.008232493205186,1.0097627074271627,1.0,0.0,1.0,0.00614927437838046,0.4567806613958152,0.0,-0.00669252444204646,1.0,0.0,0.0,107.0,13.0,True,495.6067668087352,492.5777709425186,3.028995866216589,-7.422229057481388,1.0,4500.0,,,1.0,
108,1.0104566602962695,1.0104566602962695,1.0078897253874854,1.0088947979974092,1.0,0.0,1.0,-0.0008986232812541713,0.4567806613958152,0.0,-0.00669252444204646,1.0,0.0,0.0,108.0,13.0,True,492.1351290897214,492.5777709425186,-0.44264185279723167,-7.422229057481388,1.0,4500.0,,,3.0,
109,1.0091907105272062,1.0092513865521537,1.0078479288210855,1.0078479288210855,1.0,1.0,0.0,0.0,0.4571915043255938,-0.0008986232812541713,-0.0075911477233006315,1.0,0.0,0.0,109.0,13.0,False,492.1351290897214,492.1351290897214,0.0,-7.864870910278626,0.0,4500.0,,1.0088947979974092,3.0,
110,1.0071955062692233,1.0077613976156652,1.005458283168365,1.005458283168365,1.0,1.0,0.0,0.0,0.4571915043255938,0.0,-0.0075911477233006315,1.0,0.0,0.0,110.0,13.0,False,492.1351290897214,492.1351290897214,0.0,-7.864870910278626,0.0,4500.0,,,1.0,
111,1.0075226864200146,1.0075226864200146,1.0042603660821547,1.0042603660821547,1.0,1.0,1.0,-0.01186793330268664,0.4571915043255938,0.0,-0.0075911477233006315,1.0,0.0,0.0,111.0,14.0,True,486.29450220177546,492.1351290897214,-5.840626887945893,-7.864870910278626,1.0,4500.0,1.005458283168365,,3.0,
112,1.0029437954223552,1.0037628266321432,1.0025629845834945,1.0036952015755025,0.0,1.0,0.0,0.0,0.4626825904493611,-0.01186793330268664,-0.01945908102598727,1.0,0.0,0.0,112.0,14.0,False,486.29450220177546,486.29450220177546,0.0,-13.705497798224542,0.0,4500.0,,1.0042603660821547,1.0,
113,1.0007862432084536,1.0015629996294872,0.9990851022121714,0.9990851022121714,0.0,1.0,1.0,-0.043585619493998605,0.4626825904493611,0.0,-0.01945908102598727,1.0,0.0,0.0,113.0,15.0,True,465.0990550667854,486.29450220177546,-21.19544713499005,-13.705497798224542,1.0,4500.0,1.0036952015755025,,0.0,
114,0.9991759617639787,0.9998158129074991,0.9966546701110948,0.9966546701110948,0.0,1.0,1.0,-0.06607599190274696,0.4626825904493611,0.0,-0.01945908102598727,1.0,0.0,0.0,114.0,15.0,True,454.1621106119406,486.29450220177546,-32.13239158983488,-13.705497798224542,1.0,4500.0,,,1.0,
115,0.9962644051539409,0.9964167196448643,0.9948056768390549,0.9948056768390549,0.0,1.0,1.0,-0.0831859318393643,0.4626825904493611,0.0,-0.01945908102598727,1.0,0.0,0.0,115.0,15.0,True,445.84164088776095,486.29450220177546,-40.45286131401449,-13.705497798224542,1.0,4500.0,,,3.0,
116,0.9951158449290302,0.9951158449290302,0.9926798968608315,0.9926798968608315,0.0,1.0,0.0,0.0,0.504663493414342,-0.0831859318393643,-0.10264501286535158,1.0,0.0,0.0,116.0,15.0,False,445.84164088776095,445.84164088776095,0.0,-54.158359112239054,0.0,4500.0,,0.9948056768390549,1.0,
117,0.9928228351144575,0.993038651648757,0.989307250345444,0.993038651648757,0.0,1.0,1.0,0.002611681904244156,0.504663493414342,0.0,-0.10264501286535158,1.0,0.0,0.0,117.0,16.0,True,447.00603743342606,445.84164088776095,1.1643965456650867,-54.158359112239054,1.0,4500.0,0.9926798968608315,,3.0,
118,0.9922772708026767,0.9922772708026767,0.9904001212659544,0.9912795879220364,0.0,1.0,0.0,0.0,0.5033489061845388,0.002611681904244156,-0.10003333096110742,1.0,0.0,0.0,118.0,16.0,False,447.00603743342606,447.00603743342606,0.0,-52.99396256657394,0.0,4500.0,,0.993038651648757,2.0,
119,0.9899131626723996,0.9899933164985566,0.9892579307325469,0.9896631496097038,0.0,1.0,0.5,0.01526595131617886,0.5033489061845388,0.0,-0.10003333096110742,1.0,0.0,0.0,119.0,17.0,True,453.83000983892276,447.00603743342606,6.823972405496708,-52.99396256657394,0.5,4500.0,0.9912795879220364,,5.0,
120,0.9900691225280343,0.9913377245188584,0.9891598592689739,0.9891598592689739,0.0,1.0,0.5,0.020332564166171987,0.44742124994181226,0.0,-0.10003333096110742,1.0,0.0,0.0,120.0,17.0,True,456.09481637220745,447.00603743342606,9.088778938781413,-52.99396256657394,0.5,4000.0,,,1.0,
121,0.9895123411942859,0.9916375352279514,0.9895123411942859,0.9909554285681241,0.0,1.0,0.5,0.00225660731205557,0.44742124994181226,0.0,-0.10003333096110742,1.0,0.0,0.0,121.0,17.0,True,448.0147545260313,447.00603743342606,1.008717092605255,-52.99396256657394,0.5,4000.0,,,4.0,
122,0.9906283868151573,0.9927263973936997,0.9906283868151573,0.9920995617674377,0.0,0.0,0.5,-0.009261356576022908,0.5033489061845388,0.0,-0.10003333096110742,1.0,0.0,0.0,122.0,17.0,True,442.86615512912005,447.00603743342606,-4.139882304306003,-52.99396256657394,0.5,4500.0,,,4.0,
123,0.9933446198413354,0.9946203054929975,0.9919831014872265,0.9941629429607061,0.0,0.0,0.5,-0.030033369909490064,0.5592765624272653,0.0,-0.10003333096110742,1.0,0.0,0.0,123.0,17.0,True,433.5809397594126,447.00603743342606,-13.425097674013447,-52.99396256657394,0.5,5000.0,,,2.0,
124,0.9959674171516721,0.9959674171516721,0.9933179074832253,0.9959098512617535,0.0,0.0,0.5,-0.047619457560228055,0.5592765624272653,0.0,-0.10003333096110742,1.0,0.0,0.0,124.0,17.0,True,425.71985240469934,447.00603743342606,-21.286185028726745,-52.99396256657394,0.5,5000.0,,,0.0,
125,0.997562725036833,0.9998082177533651,0.9970009678268655,0.9995090740950653,1.0,0.0,0.5,-0.08385275508546651,0.5592765624272653,0.0,-0.10003333096110742,1.0,0.0,0.0,125.0,17.0,True,409.5233496547961,447.00603743342606,-37.48268777862995,-52.99396256657394,0.5,5000.0,,,0.0,
126,1.000061136826068,1.0017767443284487,0.9990034081140927,1.0017767443284487,1.0,0.0,0.5,-0.10668134171668163,0.5592765624272653,0.0,-0.10003333096110742,1.0,0.0,0.0,126.0,17.0,True,399.31883360457095,447.00603743342606,-47.687203828855104,-52.99396256657394,0.5,5000.0,,,1.0,
127,1.0012710742574815,1.003670597303579,1.0012710742574815,1.0029735911428677,1.0,0.0,0.5,-0.11872997241484674,0.5592765624272653,0.0,-0.10003333096110742,1.0,0.0,0.0,127.0,17.0,True,393.93302293968543,447.00603743342606,-53.07301449374063,-52.99396256657394,0.5,5000.0,,,2.0,
128,1.0038240071741884,1.007147272808547,1.0038240071741884,1.007147272808547,1.0,0.0,0.5,-0.16074633443849096,0.5592765624272653,0.0,-0.10003333096110742,1.0,0.0,0.0,128.0,17.0,True,375.1514554441279,447.00603743342606,-71.85458198929811,-52.99396256657394,0.5,5000.0,,,4.0,
129,1.005085394591443,1.00929302662488,1.005085394591443,1.0081463117948557,1.0,0.0,0.5,-0.1708036380583738,0.6152042186699919,0.0,-0.10003333096110742,1.0,0.0,0.0,129.0,17.0,True,370.65578000573925,447.00603743342606,-76.3502574276868,-52.99396256657394,0.5,5500.0,,,2.0,
130,1.008485548941317,1.0097643551764126,1.0075407601348263,1.008713041910783,1.0,0.0,0.5,-0.17650889773745107,0.6152042186699919,0.0,-0.10003333096110742,1.0,0.0,0.0,130.0,17.0,True,368.10549448406624,447.00603743342606,-78.90054294935983,-52.99396256657394,0.5,5500.0,,,3.0,
131,1.0094462375590214,1.0106358074650132,1.009332598842727,1.0098624274631187,1.0,0.0,0.0,0.0,0.7470684467381772,-0.17650889773745107,-0.2765422286985585,1.0,0.0,0.0,131.0,17.0,False,368.10549448406624,368.10549448406624,0.0,-131.89450551593376,0.0,5500.0,,1.008713041910783,1.0,
132,1.0092120785121037,1.0100553271969384,1.0072266059352775,1.0072266059352775,1.0,1.0,1.0,-0.04087691878714463,0.7470684467381772,0.0,-0.2765422286985585,1.0,0.0,0.0,132.0,18.0,True,353.05847608093933,368.10549448406624,-15.047018403126893,-131.89450551593376,1.0,5500.0,1.0098624274631187,,0.0,
133,1.009021871508627,1.0102445721526636,1.0090098280289095,1.0090098280289095,1.0,0.0,1.0,-0.01423313959356717,0.7470684467381772,0.0,-0.2765422286985585,1.0,0.0,0.0,133.0,18.0,True,362.8661975959155,368.10549448406624,-5.239296888150784,-131.89450551593376,1.0,5500.0,,,1.0,
134,1.0107160078366546,1.0107160078366546,1.007909864696579,1.0083695437123694,1.0,1.0,1.0,-0.023799863790135174,0.7470684467381772,0.0,-0.2765422286985585,1.0,0.0,0.0,134.0,18.0,True,359.34463385494513,368.10549448406624,-8.760860629121131,-131.89450551593376,1.0,5500.0,,,1.0,
135,1.0086325427314942,1.008707719393997,1.0056082015979395,1.0082650037147123,1.0,1.0,1.0,-0.025361834463569793,0.7470684467381772,0.0,-0.2765422286985585,1.0,0.0,0.0,135.0,18.0,True,358.76966386783084,368.10549448406624,-9.335830616235391,-131.89450551593376,1.0,5500.0,,,3.0,
136,1.0071809491566985,1.0071809491566985,1.004067747848498,1.0060147464241722,1.0,1.0,0.0,0.0,0.7665085086494626,-0.025361834463569793,-0.30190406316212826,1.0,0.0,0.0,136.0,18.0,False,358.76966386783084,358.76966386783084,0.0,-141.23033613216916,0.0,5500.0,,1.0082650037147123,4.0,
137,1.0038315258031973,1.0061806032951859,1.0024912758154751,1.0024912758154751,1.0,1.0,0.0,0.0,0.8361911003448683,0.0,-0.30190406316212826,1.0,0.0,0.0,137.0,18.0,False,358.76966386783084,358.76966386783084,0.0,-141.23033613216916,0.0,6000.0,,,1.0,
138,1.0006154881911162,1.0017911747481645,0.9997189875080666,1.0003143834621413,0.0,1.0,1.0,-0.03807834244602094,0.8361911003448683,0.0,-0.30190406316212826,1.0,0.0,0.0,138.0,19.0,True,345.1083097478278,358.76966386783084,-13.661354120003088,-141.23033613216916,1.0,6000.0,1.0024912758154751,,4.0,
139,0.9992967280972201,0.9996500016212443,0.9985456608268352,0.9985456608268352,0.0,1.0,1.0,-0.06765814497845128,0.9058736920402739,0.0,-0.30190406316212826,1.0,0.0,0.0,139.0,19.0,True,334.4959739359909,358.76966386783084,-24.273689931839936,-141.23033613216916,1.0,6500.0,,,0.0,
140,0.9980003520294307,0.9980003520294307,0.9957226244206266,0.9963760529545611,0.0,1.0,1.0,-0.1039422808591258,0.9058736920402739,-1.0,-1.3019040631621284,1.0,3.0,3.0,140.0,19.0,True,321.47832670234664,358.76966386783084,-37.29133716548423,-141.23033613216916,1.0,6500.0,,,,
